strategy,selection_snapshot_id,effective_from_ms,additions,removals,turnover_fraction
BRF2-001,stage3:BRF2-001:1785456000000,1785459600000,0,0,
BRF2-001,stage3:BRF2-001:1785470400000,1785474000000,3,3,0.1875
BRF2-001,stage3:BRF2-001:1785484800000,1785488400000,2,2,0.125
BRF2-001,stage3:BRF2-001:1785499200000,1785502800000,2,2,0.125
BRF2-001,stage3:BRF2-001:1785513600000,1785517200000,4,4,0.25
BRF2-001,stage3:BRF2-001:1785528000000,1785531600000,2,2,0.125
BRF2-001,stage3:BRF2-001:1785542400000,1785546000000,2,2,0.125
BRF2-001,stage3:BRF2-001:1785556800000,1785560400000,1,1,0.0625
BRF2-001,stage3:BRF2-001:1785571200000,1785574800000,3,3,0.1875
BRF2-001,stage3:BRF2-001:1785585600000,1785589200000,4,4,0.25
BRF2-001,stage3:BRF2-001:1785600000000,1785603600000,2,2,0.125
BRF2-001,stage3:BRF2-001:1785614400000,1785618000000,2,2,0.125
BRF2-001,stage3:BRF2-001:1785628800000,1785632400000,2,2,0.125
BRF2-001,stage3:BRF2-001:1785643200000,1785646800000,2,2,0.125
BRF2-001,stage3:BRF2-001:1785657600000,1785661200000,2,2,0.125
BRF2-001,stage3:BRF2-001:1785672000000,1785675600000,4,4,0.25
BRF2-001,stage3:BRF2-001:1785686400000,1785690000000,2,2,0.125
BRF2-001,stage3:BRF2-001:1785700800000,1785704400000,4,4,0.25
BRF2-001,stage3:BRF2-001:1785715200000,1785718800000,1,1,0.0625
BRF2-001,stage3:BRF2-001:1785729600000,1785733200000,2,2,0.125
BRF2-001,stage3:BRF2-001:1785744000000,1785747600000,3,3,0.1875
BRF2-001,stage3:BRF2-001:1785758400000,1785762000000,2,2,0.125
BRF2-001,stage3:BRF2-001:1785772800000,1785776400000,3,3,0.1875
BRF2-001,stage3:BRF2-001:1785787200000,1785790800000,1,1,0.0625
BRF2-001,stage3:BRF2-001:1785801600000,1785805200000,2,2,0.125
BRF2-001,stage3:BRF2-001:1785816000000,1785819600000,0,0,0.0
BRF2-001,stage3:BRF2-001:1785830400000,1785834000000,2,2,0.125
BRF2-001,stage3:BRF2-001:1785844800000,1785848400000,3,3,0.1875
BRF2-001,stage3:BRF2-001:1785859200000,1785862800000,4,4,0.25
BRF2-001,stage3:BRF2-001:1785873600000,1785877200000,3,3,0.1875
BRF2-001,stage3:BRF2-001:1785888000000,1785891600000,1,1,0.0625
BRF2-001,stage3:BRF2-001:1785902400000,1785906000000,1,1,0.0625
BRF2-001,stage3:BRF2-001:1785916800000,1785920400000,1,1,0.0625
BRF2-001,stage3:BRF2-001:1785931200000,1785934800000,3,3,0.1875
BRF2-001,stage3:BRF2-001:1785945600000,1785949200000,2,2,0.125
BRF2-001,stage3:BRF2-001:1785960000000,1785963600000,1,1,0.0625
BRF2-001,stage3:BRF2-001:1785974400000,1785978000000,1,1,0.0625
BRF2-001,stage3:BRF2-001:1785988800000,1785992400000,3,3,0.1875
BRF2-001,stage3:BRF2-001:1786003200000,1786006800000,2,2,0.125
BRF2-001,stage3:BRF2-001:1786017600000,1786021200000,3,3,0.1875
BRF2-001,stage3:BRF2-001:1786032000000,1786035600000,3,3,0.1875
BRF2-001,stage3:BRF2-001:1786046400000,1786050000000,3,3,0.1875
BRF2-001,stage3:BRF2-001:1786060800000,1786064400000,3,3,0.1875
BRF2-001,stage3:BRF2-001:1786075200000,1786078800000,3,3,0.1875
BRF2-001,stage3:BRF2-001:1786089600000,1786093200000,2,2,0.125
BRF2-001,stage3:BRF2-001:1786104000000,1786107600000,3,3,0.1875
BRF2-001,stage3:BRF2-001:1786118400000,1786122000000,4,4,0.25
BRF2-001,stage3:BRF2-001:1786132800000,1786136400000,1,1,0.0625
BRF2-001,stage3:BRF2-001:1786147200000,1786150800000,1,1,0.0625
BRF2-001,stage3:BRF2-001:1786161600000,1786165200000,2,2,0.125
BRF2-001,stage3:BRF2-001:1786176000000,1786179600000,1,1,0.0625
BRF2-001,stage3:BRF2-001:1786190400000,1786194000000,2,2,0.125
BRF2-001,stage3:BRF2-001:1786204800000,1786208400000,1,1,0.0625
BRF2-001,stage3:BRF2-001:1786219200000,1786222800000,2,2,0.125
BRF2-001,stage3:BRF2-001:1786233600000,1786237200000,0,0,0.0
BRF2-001,stage3:BRF2-001:1786248000000,1786251600000,2,2,0.125
BRF2-001,stage3:BRF2-001:1786262400000,1786266000000,2,2,0.125
BRF2-001,stage3:BRF2-001:1786276800000,1786280400000,3,3,0.1875
BRF2-001,stage3:BRF2-001:1786291200000,1786294800000,5,5,0.3125
BRF2-001,stage3:BRF2-001:1786305600000,1786309200000,2,2,0.125
BRF2-001,stage3:BRF2-001:1786320000000,1786323600000,3,3,0.1875
BRF2-001,stage3:BRF2-001:1786334400000,1786338000000,3,3,0.1875
BRF2-001,stage3:BRF2-001:1786348800000,1786352400000,2,2,0.125
BRF2-001,stage3:BRF2-001:1786363200000,1786366800000,1,1,0.0625
BRF2-001,stage3:BRF2-001:1786377600000,1786381200000,3,3,0.1875
BRF2-001,stage3:BRF2-001:1786392000000,1786395600000,1,1,0.0625
BRF2-001,stage3:BRF2-001:1786406400000,1786410000000,1,1,0.0625
BRF2-001,stage3:BRF2-001:1786420800000,1786424400000,2,2,0.125
BRF2-001,stage3:BRF2-001:1786435200000,1786438800000,3,3,0.1875
BRF2-001,stage3:BRF2-001:1786449600000,1786453200000,1,1,0.0625
BRF2-001,stage3:BRF2-001:1786464000000,1786467600000,4,4,0.25
BRF2-001,stage3:BRF2-001:1786478400000,1786482000000,2,2,0.125
BRF2-001,stage3:BRF2-001:1786492800000,1786496400000,2,2,0.125
BRF2-001,stage3:BRF2-001:1786507200000,1786510800000,1,1,0.0625
BRF2-001,stage3:BRF2-001:1786521600000,1786525200000,1,1,0.0625
BRF2-001,stage3:BRF2-001:1786536000000,1786539600000,2,2,0.125
BRF2-001,stage3:BRF2-001:1786550400000,1786554000000,3,3,0.1875
BRF2-001,stage3:BRF2-001:1786564800000,1786568400000,2,2,0.125
BRF2-001,stage3:BRF2-001:1786579200000,1786582800000,2,2,0.125
BRF2-001,stage3:BRF2-001:1786593600000,1786597200000,1,1,0.0625
BRF2-001,stage3:BRF2-001:1786608000000,1786611600000,2,2,0.125
BRF2-001,stage3:BRF2-001:1786622400000,1786626000000,3,3,0.1875
BRF2-001,stage3:BRF2-001:1786636800000,1786640400000,1,1,0.0625
BRF2-001,stage3:BRF2-001:1786651200000,1786654800000,3,3,0.1875
BRF2-001,stage3:BRF2-001:1786665600000,1786669200000,2,2,0.125
BRF2-001,stage3:BRF2-001:1786680000000,1786683600000,3,3,0.1875
BRF2-001,stage3:BRF2-001:1786694400000,1786698000000,2,2,0.125
BRF2-001,stage3:BRF2-001:1786708800000,1786712400000,3,3,0.1875
BRF2-001,stage3:BRF2-001:1786723200000,1786726800000,4,4,0.25
BRF2-001,stage3:BRF2-001:1786737600000,1786741200000,3,3,0.1875
BRF2-001,stage3:BRF2-001:1786752000000,1786755600000,2,2,0.125
BRF2-001,stage3:BRF2-001:1786766400000,1786770000000,3,3,0.1875
BRF2-001,stage3:BRF2-001:1786780800000,1786784400000,3,3,0.1875
BRF2-001,stage3:BRF2-001:1786795200000,1786798800000,2,2,0.125
BRF2-001,stage3:BRF2-001:1786809600000,1786813200000,3,3,0.1875
BRF2-001,stage3:BRF2-001:1786824000000,1786827600000,2,2,0.125
BRF2-001,stage3:BRF2-001:1786838400000,1786842000000,1,1,0.0625
BRF2-001,stage3:BRF2-001:1786852800000,1786856400000,3,3,0.1875
BRF2-001,stage3:BRF2-001:1786867200000,1786870800000,2,2,0.125
BRF2-001,stage3:BRF2-001:1786881600000,1786885200000,1,1,0.0625
BRF2-001,stage3:BRF2-001:1786896000000,1786899600000,1,1,0.0625
BRF2-001,stage3:BRF2-001:1786910400000,1786914000000,2,2,0.125
BRF2-001,stage3:BRF2-001:1786924800000,1786928400000,4,4,0.25
BRF2-001,stage3:BRF2-001:1786939200000,1786942800000,3,3,0.1875
BRF2-001,stage3:BRF2-001:1786953600000,1786957200000,3,3,0.1875
BRF2-001,stage3:BRF2-001:1786968000000,1786971600000,3,3,0.1875
BRF2-001,stage3:BRF2-001:1786982400000,1786986000000,3,3,0.1875
BRF2-001,stage3:BRF2-001:1786996800000,1787000400000,4,4,0.25
BRF2-001,stage3:BRF2-001:1787011200000,1787014800000,1,1,0.0625
BRF2-001,stage3:BRF2-001:1787025600000,1787029200000,4,4,0.25
BRF2-001,stage3:BRF2-001:1787040000000,1787043600000,2,2,0.125
BRF2-001,stage3:BRF2-001:1787054400000,1787058000000,2,2,0.125
BRF2-001,stage3:BRF2-001:1787068800000,1787072400000,3,3,0.1875
BRF2-001,stage3:BRF2-001:1787083200000,1787086800000,4,4,0.25
BRF2-001,stage3:BRF2-001:1787097600000,1787101200000,3,3,0.1875
BRF2-001,stage3:BRF2-001:1787112000000,1787115600000,4,4,0.25
BRF2-001,stage3:BRF2-001:1787126400000,1787130000000,2,2,0.125
BRF2-001,stage3:BRF2-001:1787140800000,1787144400000,2,2,0.125
BRF2-001,stage3:BRF2-001:1787155200000,1787158800000,4,4,0.25
BRF2-001,stage3:BRF2-001:1787169600000,1787173200000,2,2,0.125
BRF2-001,stage3:BRF2-001:1787184000000,1787187600000,3,3,0.1875
BRF2-001,stage3:BRF2-001:1787198400000,1787202000000,3,3,0.1875
BRF2-001,stage3:BRF2-001:1787212800000,1787216400000,1,1,0.0625
BRF2-001,stage3:BRF2-001:1787227200000,1787230800000,3,3,0.1875
BRF2-001,stage3:BRF2-001:1787241600000,1787245200000,6,6,0.375
BRF2-001,stage3:BRF2-001:1787256000000,1787259600000,4,4,0.25
BRF2-001,stage3:BRF2-001:1787270400000,1787274000000,2,2,0.125
BRF2-001,stage3:BRF2-001:1787284800000,1787288400000,2,2,0.125
BRF2-001,stage3:BRF2-001:1787299200000,1787302800000,1,1,0.0625
BRF2-001,stage3:BRF2-001:1787313600000,1787317200000,2,2,0.125
BRF2-001,stage3:BRF2-001:1787328000000,1787331600000,4,4,0.25
BRF2-001,stage3:BRF2-001:1787342400000,1787346000000,2,2,0.125
BRF2-001,stage3:BRF2-001:1787356800000,1787360400000,2,2,0.125
BRF2-001,stage3:BRF2-001:1787371200000,1787374800000,2,2,0.125
BRF2-001,stage3:BRF2-001:1787385600000,1787389200000,2,2,0.125
BRF2-001,stage3:BRF2-001:1787400000000,1787403600000,2,2,0.125
BRF2-001,stage3:BRF2-001:1787414400000,1787418000000,1,1,0.0625
BRF2-001,stage3:BRF2-001:1787428800000,1787432400000,3,3,0.1875
BRF2-001,stage3:BRF2-001:1787443200000,1787446800000,1,1,0.0625
BRF2-001,stage3:BRF2-001:1787457600000,1787461200000,4,4,0.25
BRF2-001,stage3:BRF2-001:1787472000000,1787475600000,3,3,0.1875
BRF2-001,stage3:BRF2-001:1787486400000,1787490000000,2,2,0.125
BRF2-001,stage3:BRF2-001:1787500800000,1787504400000,3,3,0.1875
BRF2-001,stage3:BRF2-001:1787515200000,1787518800000,1,1,0.0625
BRF2-001,stage3:BRF2-001:1787529600000,1787533200000,1,1,0.0625
BRF2-001,stage3:BRF2-001:1787544000000,1787547600000,2,2,0.125
BRF2-001,stage3:BRF2-001:1787558400000,1787562000000,3,3,0.1875
BRF2-001,stage3:BRF2-001:1787572800000,1787576400000,2,2,0.125
BRF2-001,stage3:BRF2-001:1787587200000,1787590800000,2,2,0.125
BRF2-001,stage3:BRF2-001:1787601600000,1787605200000,1,1,0.0625
BRF2-001,stage3:BRF2-001:1787616000000,1787619600000,1,1,0.0625
BRF2-001,stage3:BRF2-001:1787630400000,1787634000000,1,1,0.0625
BRF2-001,stage3:BRF2-001:1787644800000,1787648400000,1,1,0.0625
BRF2-001,stage3:BRF2-001:1787659200000,1787662800000,3,3,0.1875
BRF2-001,stage3:BRF2-001:1787673600000,1787677200000,3,3,0.1875
BRF2-001,stage3:BRF2-001:1787688000000,1787691600000,3,3,0.1875
BRF2-001,stage3:BRF2-001:1787702400000,1787706000000,3,3,0.1875
BRF2-001,stage3:BRF2-001:1787716800000,1787720400000,4,4,0.25
BRF2-001,stage3:BRF2-001:1787731200000,1787734800000,1,1,0.0625
BRF2-001,stage3:BRF2-001:1787745600000,1787749200000,2,2,0.125
BRF2-001,stage3:BRF2-001:1787760000000,1787763600000,1,1,0.0625
BRF2-001,stage3:BRF2-001:1787774400000,1787778000000,3,3,0.1875
BRF2-001,stage3:BRF2-001:1787788800000,1787792400000,3,3,0.1875
BRF2-001,stage3:BRF2-001:1787803200000,1787806800000,2,2,0.125
BRF2-001,stage3:BRF2-001:1787817600000,1787821200000,2,2,0.125
BRF2-001,stage3:BRF2-001:1787832000000,1787835600000,2,2,0.125
BRF2-001,stage3:BRF2-001:1787846400000,1787850000000,0,0,0.0
BRF2-001,stage3:BRF2-001:1787860800000,1787864400000,2,2,0.125
BRF2-001,stage3:BRF2-001:1787875200000,1787878800000,2,2,0.125
BRF2-001,stage3:BRF2-001:1787889600000,1787893200000,2,2,0.125
BRF2-001,stage3:BRF2-001:1787904000000,1787907600000,3,3,0.1875
BRF2-001,stage3:BRF2-001:1787918400000,1787922000000,1,1,0.0625
BRF2-001,stage3:BRF2-001:1787932800000,1787936400000,2,2,0.125
BRF2-001,stage3:BRF2-001:1787947200000,1787950800000,2,2,0.125
BRF2-001,stage3:BRF2-001:1787961600000,1787965200000,3,3,0.1875
BRF2-001,stage3:BRF2-001:1787976000000,1787979600000,1,1,0.0625
BRF2-001,stage3:BRF2-001:1787990400000,1787994000000,1,1,0.0625
BRF2-001,stage3:BRF2-001:1788004800000,1788008400000,1,1,0.0625
BRF2-001,stage3:BRF2-001:1788019200000,1788022800000,3,3,0.1875
BRF2-001,stage3:BRF2-001:1788033600000,1788037200000,3,3,0.1875
BRF2-001,stage3:BRF2-001:1788048000000,1788051600000,1,1,0.0625
BRF2-001,stage3:BRF2-001:1788062400000,1788066000000,3,3,0.1875
BRF2-001,stage3:BRF2-001:1788076800000,1788080400000,2,2,0.125
BRF2-001,stage3:BRF2-001:1788091200000,1788094800000,2,2,0.125
BRF2-001,stage3:BRF2-001:1788105600000,1788109200000,3,3,0.1875
BRF2-001,stage3:BRF2-001:1788120000000,1788123600000,3,3,0.1875
CPM-RO-001,stage3:CPM-RO-001:1785456000000,1785459600000,0,0,
CPM-RO-001,stage3:CPM-RO-001:1785470400000,1785474000000,2,2,0.125
CPM-RO-001,stage3:CPM-RO-001:1785484800000,1785488400000,2,2,0.125
CPM-RO-001,stage3:CPM-RO-001:1785499200000,1785502800000,2,2,0.125
CPM-RO-001,stage3:CPM-RO-001:1785513600000,1785517200000,3,3,0.1875
CPM-RO-001,stage3:CPM-RO-001:1785528000000,1785531600000,3,3,0.1875
CPM-RO-001,stage3:CPM-RO-001:1785542400000,1785546000000,1,1,0.0625
CPM-RO-001,stage3:CPM-RO-001:1785556800000,1785560400000,2,2,0.125
CPM-RO-001,stage3:CPM-RO-001:1785571200000,1785574800000,2,2,0.125
CPM-RO-001,stage3:CPM-RO-001:1785585600000,1785589200000,2,2,0.125
CPM-RO-001,stage3:CPM-RO-001:1785600000000,1785603600000,3,3,0.1875
CPM-RO-001,stage3:CPM-RO-001:1785614400000,1785618000000,4,4,0.25
CPM-RO-001,stage3:CPM-RO-001:1785628800000,1785632400000,2,2,0.125
CPM-RO-001,stage3:CPM-RO-001:1785643200000,1785646800000,3,3,0.1875
CPM-RO-001,stage3:CPM-RO-001:1785657600000,1785661200000,2,2,0.125
CPM-RO-001,stage3:CPM-RO-001:1785672000000,1785675600000,3,3,0.1875
CPM-RO-001,stage3:CPM-RO-001:1785686400000,1785690000000,1,1,0.0625
CPM-RO-001,stage3:CPM-RO-001:1785700800000,1785704400000,5,5,0.3125
CPM-RO-001,stage3:CPM-RO-001:1785715200000,1785718800000,2,2,0.125
CPM-RO-001,stage3:CPM-RO-001:1785729600000,1785733200000,3,3,0.1875
CPM-RO-001,stage3:CPM-RO-001:1785744000000,1785747600000,4,4,0.25
CPM-RO-001,stage3:CPM-RO-001:1785758400000,1785762000000,2,2,0.125
CPM-RO-001,stage3:CPM-RO-001:1785772800000,1785776400000,2,2,0.125
CPM-RO-001,stage3:CPM-RO-001:1785787200000,1785790800000,2,2,0.125
CPM-RO-001,stage3:CPM-RO-001:1785801600000,1785805200000,1,1,0.0625
CPM-RO-001,stage3:CPM-RO-001:1785816000000,1785819600000,1,1,0.0625
CPM-RO-001,stage3:CPM-RO-001:1785830400000,1785834000000,1,1,0.0625
CPM-RO-001,stage3:CPM-RO-001:1785844800000,1785848400000,2,2,0.125
CPM-RO-001,stage3:CPM-RO-001:1785859200000,1785862800000,3,3,0.1875
CPM-RO-001,stage3:CPM-RO-001:1785873600000,1785877200000,3,3,0.1875
CPM-RO-001,stage3:CPM-RO-001:1785888000000,1785891600000,2,2,0.125
CPM-RO-001,stage3:CPM-RO-001:1785902400000,1785906000000,4,4,0.25
CPM-RO-001,stage3:CPM-RO-001:1785916800000,1785920400000,3,3,0.1875
CPM-RO-001,stage3:CPM-RO-001:1785931200000,1785934800000,3,3,0.1875
CPM-RO-001,stage3:CPM-RO-001:1785945600000,1785949200000,0,0,0.0
CPM-RO-001,stage3:CPM-RO-001:1785960000000,1785963600000,2,2,0.125
CPM-RO-001,stage3:CPM-RO-001:1785974400000,1785978000000,2,2,0.125
CPM-RO-001,stage3:CPM-RO-001:1785988800000,1785992400000,3,3,0.1875
CPM-RO-001,stage3:CPM-RO-001:1786003200000,1786006800000,0,0,0.0
CPM-RO-001,stage3:CPM-RO-001:1786017600000,1786021200000,4,4,0.25
CPM-RO-001,stage3:CPM-RO-001:1786032000000,1786035600000,3,3,0.1875
CPM-RO-001,stage3:CPM-RO-001:1786046400000,1786050000000,1,1,0.0625
CPM-RO-001,stage3:CPM-RO-001:1786060800000,1786064400000,2,2,0.125
CPM-RO-001,stage3:CPM-RO-001:1786075200000,1786078800000,0,0,0.0
CPM-RO-001,stage3:CPM-RO-001:1786089600000,1786093200000,1,1,0.0625
CPM-RO-001,stage3:CPM-RO-001:1786104000000,1786107600000,3,3,0.1875
CPM-RO-001,stage3:CPM-RO-001:1786118400000,1786122000000,3,3,0.1875
CPM-RO-001,stage3:CPM-RO-001:1786132800000,1786136400000,1,1,0.0625
CPM-RO-001,stage3:CPM-RO-001:1786147200000,1786150800000,2,2,0.125
CPM-RO-001,stage3:CPM-RO-001:1786161600000,1786165200000,5,5,0.3125
CPM-RO-001,stage3:CPM-RO-001:1786176000000,1786179600000,3,3,0.1875
CPM-RO-001,stage3:CPM-RO-001:1786190400000,1786194000000,2,2,0.125
CPM-RO-001,stage3:CPM-RO-001:1786204800000,1786208400000,2,2,0.125
CPM-RO-001,stage3:CPM-RO-001:1786219200000,1786222800000,3,3,0.1875
CPM-RO-001,stage3:CPM-RO-001:1786233600000,1786237200000,2,2,0.125
CPM-RO-001,stage3:CPM-RO-001:1786248000000,1786251600000,2,2,0.125
CPM-RO-001,stage3:CPM-RO-001:1786262400000,1786266000000,1,1,0.0625
CPM-RO-001,stage3:CPM-RO-001:1786276800000,1786280400000,3,3,0.1875
CPM-RO-001,stage3:CPM-RO-001:1786291200000,1786294800000,2,2,0.125
CPM-RO-001,stage3:CPM-RO-001:1786305600000,1786309200000,1,1,0.0625
CPM-RO-001,stage3:CPM-RO-001:1786320000000,1786323600000,2,2,0.125
CPM-RO-001,stage3:CPM-RO-001:1786334400000,1786338000000,1,1,0.0625
CPM-RO-001,stage3:CPM-RO-001:1786348800000,1786352400000,1,1,0.0625
CPM-RO-001,stage3:CPM-RO-001:1786363200000,1786366800000,2,2,0.125
CPM-RO-001,stage3:CPM-RO-001:1786377600000,1786381200000,3,3,0.1875
CPM-RO-001,stage3:CPM-RO-001:1786392000000,1786395600000,2,2,0.125
CPM-RO-001,stage3:CPM-RO-001:1786406400000,1786410000000,1,1,0.0625
CPM-RO-001,stage3:CPM-RO-001:1786420800000,1786424400000,3,3,0.1875
CPM-RO-001,stage3:CPM-RO-001:1786435200000,1786438800000,2,2,0.125
CPM-RO-001,stage3:CPM-RO-001:1786449600000,1786453200000,2,2,0.125
CPM-RO-001,stage3:CPM-RO-001:1786464000000,1786467600000,3,3,0.1875
CPM-RO-001,stage3:CPM-RO-001:1786478400000,1786482000000,2,2,0.125
CPM-RO-001,stage3:CPM-RO-001:1786492800000,1786496400000,2,2,0.125
CPM-RO-001,stage3:CPM-RO-001:1786507200000,1786510800000,1,1,0.0625
CPM-RO-001,stage3:CPM-RO-001:1786521600000,1786525200000,1,1,0.0625
CPM-RO-001,stage3:CPM-RO-001:1786536000000,1786539600000,2,2,0.125
CPM-RO-001,stage3:CPM-RO-001:1786550400000,1786554000000,4,4,0.25
CPM-RO-001,stage3:CPM-RO-001:1786564800000,1786568400000,3,3,0.1875
CPM-RO-001,stage3:CPM-RO-001:1786579200000,1786582800000,2,2,0.125
CPM-RO-001,stage3:CPM-RO-001:1786593600000,1786597200000,3,3,0.1875
CPM-RO-001,stage3:CPM-RO-001:1786608000000,1786611600000,2,2,0.125
CPM-RO-001,stage3:CPM-RO-001:1786622400000,1786626000000,3,3,0.1875
CPM-RO-001,stage3:CPM-RO-001:1786636800000,1786640400000,2,2,0.125
CPM-RO-001,stage3:CPM-RO-001:1786651200000,1786654800000,3,3,0.1875
CPM-RO-001,stage3:CPM-RO-001:1786665600000,1786669200000,4,4,0.25
CPM-RO-001,stage3:CPM-RO-001:1786680000000,1786683600000,2,2,0.125
CPM-RO-001,stage3:CPM-RO-001:1786694400000,1786698000000,3,3,0.1875
CPM-RO-001,stage3:CPM-RO-001:1786708800000,1786712400000,3,3,0.1875
CPM-RO-001,stage3:CPM-RO-001:1786723200000,1786726800000,3,3,0.1875
CPM-RO-001,stage3:CPM-RO-001:1786737600000,1786741200000,3,3,0.1875
CPM-RO-001,stage3:CPM-RO-001:1786752000000,1786755600000,2,2,0.125
CPM-RO-001,stage3:CPM-RO-001:1786766400000,1786770000000,3,3,0.1875
CPM-RO-001,stage3:CPM-RO-001:1786780800000,1786784400000,1,1,0.0625
CPM-RO-001,stage3:CPM-RO-001:1786795200000,1786798800000,2,2,0.125
CPM-RO-001,stage3:CPM-RO-001:1786809600000,1786813200000,3,3,0.1875
CPM-RO-001,stage3:CPM-RO-001:1786824000000,1786827600000,2,2,0.125
CPM-RO-001,stage3:CPM-RO-001:1786838400000,1786842000000,2,2,0.125
CPM-RO-001,stage3:CPM-RO-001:1786852800000,1786856400000,3,3,0.1875
CPM-RO-001,stage3:CPM-RO-001:1786867200000,1786870800000,2,2,0.125
CPM-RO-001,stage3:CPM-RO-001:1786881600000,1786885200000,3,3,0.1875
CPM-RO-001,stage3:CPM-RO-001:1786896000000,1786899600000,3,3,0.1875
CPM-RO-001,stage3:CPM-RO-001:1786910400000,1786914000000,3,3,0.1875
CPM-RO-001,stage3:CPM-RO-001:1786924800000,1786928400000,3,3,0.1875
CPM-RO-001,stage3:CPM-RO-001:1786939200000,1786942800000,4,4,0.25
CPM-RO-001,stage3:CPM-RO-001:1786953600000,1786957200000,2,2,0.125
CPM-RO-001,stage3:CPM-RO-001:1786968000000,1786971600000,1,1,0.0625
CPM-RO-001,stage3:CPM-RO-001:1786982400000,1786986000000,2,2,0.125
CPM-RO-001,stage3:CPM-RO-001:1786996800000,1787000400000,3,3,0.1875
CPM-RO-001,stage3:CPM-RO-001:1787011200000,1787014800000,2,2,0.125
CPM-RO-001,stage3:CPM-RO-001:1787025600000,1787029200000,4,4,0.25
CPM-RO-001,stage3:CPM-RO-001:1787040000000,1787043600000,1,1,0.0625
CPM-RO-001,stage3:CPM-RO-001:1787054400000,1787058000000,1,1,0.0625
CPM-RO-001,stage3:CPM-RO-001:1787068800000,1787072400000,2,2,0.125
CPM-RO-001,stage3:CPM-RO-001:1787083200000,1787086800000,1,1,0.0625
CPM-RO-001,stage3:CPM-RO-001:1787097600000,1787101200000,2,2,0.125
CPM-RO-001,stage3:CPM-RO-001:1787112000000,1787115600000,3,3,0.1875
CPM-RO-001,stage3:CPM-RO-001:1787126400000,1787130000000,2,2,0.125
CPM-RO-001,stage3:CPM-RO-001:1787140800000,1787144400000,2,2,0.125
CPM-RO-001,stage3:CPM-RO-001:1787155200000,1787158800000,2,2,0.125
CPM-RO-001,stage3:CPM-RO-001:1787169600000,1787173200000,0,0,0.0
CPM-RO-001,stage3:CPM-RO-001:1787184000000,1787187600000,3,3,0.1875
CPM-RO-001,stage3:CPM-RO-001:1787198400000,1787202000000,1,1,0.0625
CPM-RO-001,stage3:CPM-RO-001:1787212800000,1787216400000,1,1,0.0625
CPM-RO-001,stage3:CPM-RO-001:1787227200000,1787230800000,1,1,0.0625
CPM-RO-001,stage3:CPM-RO-001:1787241600000,1787245200000,3,3,0.1875
CPM-RO-001,stage3:CPM-RO-001:1787256000000,1787259600000,2,2,0.125
CPM-RO-001,stage3:CPM-RO-001:1787270400000,1787274000000,3,3,0.1875
CPM-RO-001,stage3:CPM-RO-001:1787284800000,1787288400000,2,2,0.125
CPM-RO-001,stage3:CPM-RO-001:1787299200000,1787302800000,3,3,0.1875
CPM-RO-001,stage3:CPM-RO-001:1787313600000,1787317200000,4,4,0.25
CPM-RO-001,stage3:CPM-RO-001:1787328000000,1787331600000,2,2,0.125
CPM-RO-001,stage3:CPM-RO-001:1787342400000,1787346000000,2,2,0.125
CPM-RO-001,stage3:CPM-RO-001:1787356800000,1787360400000,3,3,0.1875
CPM-RO-001,stage3:CPM-RO-001:1787371200000,1787374800000,2,2,0.125
CPM-RO-001,stage3:CPM-RO-001:1787385600000,1787389200000,3,3,0.1875
CPM-RO-001,stage3:CPM-RO-001:1787400000000,1787403600000,2,2,0.125
CPM-RO-001,stage3:CPM-RO-001:1787414400000,1787418000000,1,1,0.0625
CPM-RO-001,stage3:CPM-RO-001:1787428800000,1787432400000,3,3,0.1875
CPM-RO-001,stage3:CPM-RO-001:1787443200000,1787446800000,2,2,0.125
CPM-RO-001,stage3:CPM-RO-001:1787457600000,1787461200000,3,3,0.1875
CPM-RO-001,stage3:CPM-RO-001:1787472000000,1787475600000,3,3,0.1875
CPM-RO-001,stage3:CPM-RO-001:1787486400000,1787490000000,3,3,0.1875
CPM-RO-001,stage3:CPM-RO-001:1787500800000,1787504400000,4,4,0.25
CPM-RO-001,stage3:CPM-RO-001:1787515200000,1787518800000,2,2,0.125
CPM-RO-001,stage3:CPM-RO-001:1787529600000,1787533200000,1,1,0.0625
CPM-RO-001,stage3:CPM-RO-001:1787544000000,1787547600000,4,4,0.25
CPM-RO-001,stage3:CPM-RO-001:1787558400000,1787562000000,3,3,0.1875
CPM-RO-001,stage3:CPM-RO-001:1787572800000,1787576400000,2,2,0.125
CPM-RO-001,stage3:CPM-RO-001:1787587200000,1787590800000,2,2,0.125
CPM-RO-001,stage3:CPM-RO-001:1787601600000,1787605200000,2,2,0.125
CPM-RO-001,stage3:CPM-RO-001:1787616000000,1787619600000,1,1,0.0625
CPM-RO-001,stage3:CPM-RO-001:1787630400000,1787634000000,1,1,0.0625
CPM-RO-001,stage3:CPM-RO-001:1787644800000,1787648400000,1,1,0.0625
CPM-RO-001,stage3:CPM-RO-001:1787659200000,1787662800000,2,2,0.125
CPM-RO-001,stage3:CPM-RO-001:1787673600000,1787677200000,1,1,0.0625
CPM-RO-001,stage3:CPM-RO-001:1787688000000,1787691600000,1,1,0.0625
CPM-RO-001,stage3:CPM-RO-001:1787702400000,1787706000000,1,1,0.0625
CPM-RO-001,stage3:CPM-RO-001:1787716800000,1787720400000,3,3,0.1875
CPM-RO-001,stage3:CPM-RO-001:1787731200000,1787734800000,0,0,0.0
CPM-RO-001,stage3:CPM-RO-001:1787745600000,1787749200000,2,2,0.125
CPM-RO-001,stage3:CPM-RO-001:1787760000000,1787763600000,2,2,0.125
CPM-RO-001,stage3:CPM-RO-001:1787774400000,1787778000000,4,4,0.25
CPM-RO-001,stage3:CPM-RO-001:1787788800000,1787792400000,3,3,0.1875
CPM-RO-001,stage3:CPM-RO-001:1787803200000,1787806800000,1,1,0.0625
CPM-RO-001,stage3:CPM-RO-001:1787817600000,1787821200000,1,1,0.0625
CPM-RO-001,stage3:CPM-RO-001:1787832000000,1787835600000,2,2,0.125
CPM-RO-001,stage3:CPM-RO-001:1787846400000,1787850000000,2,2,0.125
CPM-RO-001,stage3:CPM-RO-001:1787860800000,1787864400000,2,2,0.125
CPM-RO-001,stage3:CPM-RO-001:1787875200000,1787878800000,2,2,0.125
CPM-RO-001,stage3:CPM-RO-001:1787889600000,1787893200000,1,1,0.0625
CPM-RO-001,stage3:CPM-RO-001:1787904000000,1787907600000,1,1,0.0625
CPM-RO-001,stage3:CPM-RO-001:1787918400000,1787922000000,1,1,0.0625
CPM-RO-001,stage3:CPM-RO-001:1787932800000,1787936400000,2,2,0.125
CPM-RO-001,stage3:CPM-RO-001:1787947200000,1787950800000,4,4,0.25
CPM-RO-001,stage3:CPM-RO-001:1787961600000,1787965200000,3,3,0.1875
CPM-RO-001,stage3:CPM-RO-001:1787976000000,1787979600000,2,2,0.125
CPM-RO-001,stage3:CPM-RO-001:1787990400000,1787994000000,2,2,0.125
CPM-RO-001,stage3:CPM-RO-001:1788004800000,1788008400000,3,3,0.1875
CPM-RO-001,stage3:CPM-RO-001:1788019200000,1788022800000,3,3,0.1875
CPM-RO-001,stage3:CPM-RO-001:1788033600000,1788037200000,3,3,0.1875
CPM-RO-001,stage3:CPM-RO-001:1788048000000,1788051600000,1,1,0.0625
CPM-RO-001,stage3:CPM-RO-001:1788062400000,1788066000000,3,3,0.1875
CPM-RO-001,stage3:CPM-RO-001:1788076800000,1788080400000,1,1,0.0625
CPM-RO-001,stage3:CPM-RO-001:1788091200000,1788094800000,4,4,0.25
CPM-RO-001,stage3:CPM-RO-001:1788105600000,1788109200000,2,2,0.125
CPM-RO-001,stage3:CPM-RO-001:1788120000000,1788123600000,3,3,0.1875
MI-001,stage3:MI-001:1785452400000,1785456000000,0,0,
MI-001,stage3:MI-001:1785456000000,1785459600000,2,2,0.125
MI-001,stage3:MI-001:1785459600000,1785463200000,1,1,0.0625
MI-001,stage3:MI-001:1785463200000,1785466800000,4,4,0.25
MI-001,stage3:MI-001:1785466800000,1785470400000,2,2,0.125
MI-001,stage3:MI-001:1785470400000,1785474000000,5,5,0.3125
MI-001,stage3:MI-001:1785474000000,1785477600000,2,2,0.125
MI-001,stage3:MI-001:1785477600000,1785481200000,5,5,0.3125
MI-001,stage3:MI-001:1785481200000,1785484800000,2,2,0.125
MI-001,stage3:MI-001:1785484800000,1785488400000,3,3,0.1875
MI-001,stage3:MI-001:1785488400000,1785492000000,1,1,0.0625
MI-001,stage3:MI-001:1785492000000,1785495600000,2,2,0.125
MI-001,stage3:MI-001:1785495600000,1785499200000,6,6,0.375
MI-001,stage3:MI-001:1785499200000,1785502800000,1,1,0.0625
MI-001,stage3:MI-001:1785502800000,1785506400000,4,4,0.25
MI-001,stage3:MI-001:1785506400000,1785510000000,3,3,0.1875
MI-001,stage3:MI-001:1785510000000,1785513600000,2,2,0.125
MI-001,stage3:MI-001:1785513600000,1785517200000,3,3,0.1875
MI-001,stage3:MI-001:1785517200000,1785520800000,1,1,0.0625
MI-001,stage3:MI-001:1785520800000,1785524400000,3,3,0.1875
MI-001,stage3:MI-001:1785524400000,1785528000000,1,1,0.0625
MI-001,stage3:MI-001:1785528000000,1785531600000,1,1,0.0625
MI-001,stage3:MI-001:1785531600000,1785535200000,2,2,0.125
MI-001,stage3:MI-001:1785535200000,1785538800000,1,1,0.0625
MI-001,stage3:MI-001:1785538800000,1785542400000,4,4,0.25
MI-001,stage3:MI-001:1785542400000,1785546000000,1,1,0.0625
MI-001,stage3:MI-001:1785546000000,1785549600000,2,2,0.125
MI-001,stage3:MI-001:1785549600000,1785553200000,2,2,0.125
MI-001,stage3:MI-001:1785553200000,1785556800000,3,3,0.1875
MI-001,stage3:MI-001:1785556800000,1785560400000,2,2,0.125
MI-001,stage3:MI-001:1785560400000,1785564000000,2,2,0.125
MI-001,stage3:MI-001:1785564000000,1785567600000,5,5,0.3125
MI-001,stage3:MI-001:1785567600000,1785571200000,2,2,0.125
MI-001,stage3:MI-001:1785571200000,1785574800000,0,0,0.0
MI-001,stage3:MI-001:1785574800000,1785578400000,1,1,0.0625
MI-001,stage3:MI-001:1785578400000,1785582000000,1,1,0.0625
MI-001,stage3:MI-001:1785582000000,1785585600000,3,3,0.1875
MI-001,stage3:MI-001:1785585600000,1785589200000,2,2,0.125
MI-001,stage3:MI-001:1785589200000,1785592800000,3,3,0.1875
MI-001,stage3:MI-001:1785592800000,1785596400000,3,3,0.1875
MI-001,stage3:MI-001:1785596400000,1785600000000,2,2,0.125
MI-001,stage3:MI-001:1785600000000,1785603600000,1,1,0.0625
MI-001,stage3:MI-001:1785603600000,1785607200000,4,4,0.25
MI-001,stage3:MI-001:1785607200000,1785610800000,1,1,0.0625
MI-001,stage3:MI-001:1785610800000,1785614400000,2,2,0.125
MI-001,stage3:MI-001:1785614400000,1785618000000,4,4,0.25
MI-001,stage3:MI-001:1785618000000,1785621600000,5,5,0.3125
MI-001,stage3:MI-001:1785621600000,1785625200000,2,2,0.125
MI-001,stage3:MI-001:1785625200000,1785628800000,0,0,0.0
MI-001,stage3:MI-001:1785628800000,1785632400000,1,1,0.0625
MI-001,stage3:MI-001:1785632400000,1785636000000,2,2,0.125
MI-001,stage3:MI-001:1785636000000,1785639600000,4,4,0.25
MI-001,stage3:MI-001:1785639600000,1785643200000,4,4,0.25
MI-001,stage3:MI-001:1785643200000,1785646800000,2,2,0.125
MI-001,stage3:MI-001:1785646800000,1785650400000,3,3,0.1875
MI-001,stage3:MI-001:1785650400000,1785654000000,2,2,0.125
MI-001,stage3:MI-001:1785654000000,1785657600000,2,2,0.125
MI-001,stage3:MI-001:1785657600000,1785661200000,3,3,0.1875
MI-001,stage3:MI-001:1785661200000,1785664800000,1,1,0.0625
MI-001,stage3:MI-001:1785664800000,1785668400000,4,4,0.25
MI-001,stage3:MI-001:1785668400000,1785672000000,1,1,0.0625
MI-001,stage3:MI-001:1785672000000,1785675600000,1,1,0.0625
MI-001,stage3:MI-001:1785675600000,1785679200000,2,2,0.125
MI-001,stage3:MI-001:1785679200000,1785682800000,2,2,0.125
MI-001,stage3:MI-001:1785682800000,1785686400000,5,5,0.3125
MI-001,stage3:MI-001:1785686400000,1785690000000,1,1,0.0625
MI-001,stage3:MI-001:1785690000000,1785693600000,3,3,0.1875
MI-001,stage3:MI-001:1785693600000,1785697200000,3,3,0.1875
MI-001,stage3:MI-001:1785697200000,1785700800000,3,3,0.1875
MI-001,stage3:MI-001:1785700800000,1785704400000,1,1,0.0625
MI-001,stage3:MI-001:1785704400000,1785708000000,0,0,0.0
MI-001,stage3:MI-001:1785708000000,1785711600000,3,3,0.1875
MI-001,stage3:MI-001:1785711600000,1785715200000,1,1,0.0625
MI-001,stage3:MI-001:1785715200000,1785718800000,1,1,0.0625
MI-001,stage3:MI-001:1785718800000,1785722400000,1,1,0.0625
MI-001,stage3:MI-001:1785722400000,1785726000000,2,2,0.125
MI-001,stage3:MI-001:1785726000000,1785729600000,4,4,0.25
MI-001,stage3:MI-001:1785729600000,1785733200000,3,3,0.1875
MI-001,stage3:MI-001:1785733200000,1785736800000,4,4,0.25
MI-001,stage3:MI-001:1785736800000,1785740400000,2,2,0.125
MI-001,stage3:MI-001:1785740400000,1785744000000,2,2,0.125
MI-001,stage3:MI-001:1785744000000,1785747600000,2,2,0.125
MI-001,stage3:MI-001:1785747600000,1785751200000,1,1,0.0625
MI-001,stage3:MI-001:1785751200000,1785754800000,5,5,0.3125
MI-001,stage3:MI-001:1785754800000,1785758400000,1,1,0.0625
MI-001,stage3:MI-001:1785758400000,1785762000000,4,4,0.25
MI-001,stage3:MI-001:1785762000000,1785765600000,1,1,0.0625
MI-001,stage3:MI-001:1785765600000,1785769200000,3,3,0.1875
MI-001,stage3:MI-001:1785769200000,1785772800000,5,5,0.3125
MI-001,stage3:MI-001:1785772800000,1785776400000,1,1,0.0625
MI-001,stage3:MI-001:1785776400000,1785780000000,1,1,0.0625
MI-001,stage3:MI-001:1785780000000,1785783600000,4,4,0.25
MI-001,stage3:MI-001:1785783600000,1785787200000,2,2,0.125
MI-001,stage3:MI-001:1785787200000,1785790800000,2,2,0.125
MI-001,stage3:MI-001:1785790800000,1785794400000,2,2,0.125
MI-001,stage3:MI-001:1785794400000,1785798000000,2,2,0.125
MI-001,stage3:MI-001:1785798000000,1785801600000,0,0,0.0
MI-001,stage3:MI-001:1785801600000,1785805200000,1,1,0.0625
MI-001,stage3:MI-001:1785805200000,1785808800000,2,2,0.125
MI-001,stage3:MI-001:1785808800000,1785812400000,4,4,0.25
MI-001,stage3:MI-001:1785812400000,1785816000000,3,3,0.1875
MI-001,stage3:MI-001:1785816000000,1785819600000,2,2,0.125
MI-001,stage3:MI-001:1785819600000,1785823200000,2,2,0.125
MI-001,stage3:MI-001:1785823200000,1785826800000,3,3,0.1875
MI-001,stage3:MI-001:1785826800000,1785830400000,3,3,0.1875
MI-001,stage3:MI-001:1785830400000,1785834000000,3,3,0.1875
MI-001,stage3:MI-001:1785834000000,1785837600000,2,2,0.125
MI-001,stage3:MI-001:1785837600000,1785841200000,2,2,0.125
MI-001,stage3:MI-001:1785841200000,1785844800000,2,2,0.125
MI-001,stage3:MI-001:1785844800000,1785848400000,2,2,0.125
MI-001,stage3:MI-001:1785848400000,1785852000000,1,1,0.0625
MI-001,stage3:MI-001:1785852000000,1785855600000,2,2,0.125
MI-001,stage3:MI-001:1785855600000,1785859200000,2,2,0.125
MI-001,stage3:MI-001:1785859200000,1785862800000,2,2,0.125
MI-001,stage3:MI-001:1785862800000,1785866400000,3,3,0.1875
MI-001,stage3:MI-001:1785866400000,1785870000000,3,3,0.1875
MI-001,stage3:MI-001:1785870000000,1785873600000,1,1,0.0625
MI-001,stage3:MI-001:1785873600000,1785877200000,1,1,0.0625
MI-001,stage3:MI-001:1785877200000,1785880800000,1,1,0.0625
MI-001,stage3:MI-001:1785880800000,1785884400000,2,2,0.125
MI-001,stage3:MI-001:1785884400000,1785888000000,2,2,0.125
MI-001,stage3:MI-001:1785888000000,1785891600000,1,1,0.0625
MI-001,stage3:MI-001:1785891600000,1785895200000,2,2,0.125
MI-001,stage3:MI-001:1785895200000,1785898800000,4,4,0.25
MI-001,stage3:MI-001:1785898800000,1785902400000,4,4,0.25
MI-001,stage3:MI-001:1785902400000,1785906000000,2,2,0.125
MI-001,stage3:MI-001:1785906000000,1785909600000,3,3,0.1875
MI-001,stage3:MI-001:1785909600000,1785913200000,2,2,0.125
MI-001,stage3:MI-001:1785913200000,1785916800000,2,2,0.125
MI-001,stage3:MI-001:1785916800000,1785920400000,2,2,0.125
MI-001,stage3:MI-001:1785920400000,1785924000000,2,2,0.125
MI-001,stage3:MI-001:1785924000000,1785927600000,0,0,0.0
MI-001,stage3:MI-001:1785927600000,1785931200000,2,2,0.125
MI-001,stage3:MI-001:1785931200000,1785934800000,2,2,0.125
MI-001,stage3:MI-001:1785934800000,1785938400000,3,3,0.1875
MI-001,stage3:MI-001:1785938400000,1785942000000,5,5,0.3125
MI-001,stage3:MI-001:1785942000000,1785945600000,3,3,0.1875
MI-001,stage3:MI-001:1785945600000,1785949200000,0,0,0.0
MI-001,stage3:MI-001:1785949200000,1785952800000,3,3,0.1875
MI-001,stage3:MI-001:1785952800000,1785956400000,4,4,0.25
MI-001,stage3:MI-001:1785956400000,1785960000000,2,2,0.125
MI-001,stage3:MI-001:1785960000000,1785963600000,2,2,0.125
MI-001,stage3:MI-001:1785963600000,1785967200000,1,1,0.0625
MI-001,stage3:MI-001:1785967200000,1785970800000,2,2,0.125
MI-001,stage3:MI-001:1785970800000,1785974400000,2,2,0.125
MI-001,stage3:MI-001:1785974400000,1785978000000,2,2,0.125
MI-001,stage3:MI-001:1785978000000,1785981600000,4,4,0.25
MI-001,stage3:MI-001:1785981600000,1785985200000,1,1,0.0625
MI-001,stage3:MI-001:1785985200000,1785988800000,3,3,0.1875
MI-001,stage3:MI-001:1785988800000,1785992400000,0,0,0.0
MI-001,stage3:MI-001:1785992400000,1785996000000,4,4,0.25
MI-001,stage3:MI-001:1785996000000,1785999600000,6,6,0.375
MI-001,stage3:MI-001:1785999600000,1786003200000,2,2,0.125
MI-001,stage3:MI-001:1786003200000,1786006800000,1,1,0.0625
MI-001,stage3:MI-001:1786006800000,1786010400000,3,3,0.1875
MI-001,stage3:MI-001:1786010400000,1786014000000,1,1,0.0625
MI-001,stage3:MI-001:1786014000000,1786017600000,1,1,0.0625
MI-001,stage3:MI-001:1786017600000,1786021200000,2,2,0.125
MI-001,stage3:MI-001:1786021200000,1786024800000,3,3,0.1875
MI-001,stage3:MI-001:1786024800000,1786028400000,3,3,0.1875
MI-001,stage3:MI-001:1786028400000,1786032000000,2,2,0.125
MI-001,stage3:MI-001:1786032000000,1786035600000,0,0,0.0
MI-001,stage3:MI-001:1786035600000,1786039200000,3,3,0.1875
MI-001,stage3:MI-001:1786039200000,1786042800000,3,3,0.1875
MI-001,stage3:MI-001:1786042800000,1786046400000,1,1,0.0625
MI-001,stage3:MI-001:1786046400000,1786050000000,1,1,0.0625
MI-001,stage3:MI-001:1786050000000,1786053600000,2,2,0.125
MI-001,stage3:MI-001:1786053600000,1786057200000,3,3,0.1875
MI-001,stage3:MI-001:1786057200000,1786060800000,1,1,0.0625
MI-001,stage3:MI-001:1786060800000,1786064400000,2,2,0.125
MI-001,stage3:MI-001:1786064400000,1786068000000,1,1,0.0625
MI-001,stage3:MI-001:1786068000000,1786071600000,1,1,0.0625
MI-001,stage3:MI-001:1786071600000,1786075200000,3,3,0.1875
MI-001,stage3:MI-001:1786075200000,1786078800000,4,4,0.25
MI-001,stage3:MI-001:1786078800000,1786082400000,4,4,0.25
MI-001,stage3:MI-001:1786082400000,1786086000000,4,4,0.25
MI-001,stage3:MI-001:1786086000000,1786089600000,2,2,0.125
MI-001,stage3:MI-001:1786089600000,1786093200000,2,2,0.125
MI-001,stage3:MI-001:1786093200000,1786096800000,3,3,0.1875
MI-001,stage3:MI-001:1786096800000,1786100400000,3,3,0.1875
MI-001,stage3:MI-001:1786100400000,1786104000000,1,1,0.0625
MI-001,stage3:MI-001:1786104000000,1786107600000,4,4,0.25
MI-001,stage3:MI-001:1786107600000,1786111200000,2,2,0.125
MI-001,stage3:MI-001:1786111200000,1786114800000,2,2,0.125
MI-001,stage3:MI-001:1786114800000,1786118400000,1,1,0.0625
MI-001,stage3:MI-001:1786118400000,1786122000000,4,4,0.25
MI-001,stage3:MI-001:1786122000000,1786125600000,0,0,0.0
MI-001,stage3:MI-001:1786125600000,1786129200000,3,3,0.1875
MI-001,stage3:MI-001:1786129200000,1786132800000,1,1,0.0625
MI-001,stage3:MI-001:1786132800000,1786136400000,2,2,0.125
MI-001,stage3:MI-001:1786136400000,1786140000000,2,2,0.125
MI-001,stage3:MI-001:1786140000000,1786143600000,2,2,0.125
MI-001,stage3:MI-001:1786143600000,1786147200000,1,1,0.0625
MI-001,stage3:MI-001:1786147200000,1786150800000,3,3,0.1875
MI-001,stage3:MI-001:1786150800000,1786154400000,4,4,0.25
MI-001,stage3:MI-001:1786154400000,1786158000000,3,3,0.1875
MI-001,stage3:MI-001:1786158000000,1786161600000,0,0,0.0
MI-001,stage3:MI-001:1786161600000,1786165200000,3,3,0.1875
MI-001,stage3:MI-001:1786165200000,1786168800000,1,1,0.0625
MI-001,stage3:MI-001:1786168800000,1786172400000,2,2,0.125
MI-001,stage3:MI-001:1786172400000,1786176000000,1,1,0.0625
MI-001,stage3:MI-001:1786176000000,1786179600000,4,4,0.25
MI-001,stage3:MI-001:1786179600000,1786183200000,4,4,0.25
MI-001,stage3:MI-001:1786183200000,1786186800000,2,2,0.125
MI-001,stage3:MI-001:1786186800000,1786190400000,2,2,0.125
MI-001,stage3:MI-001:1786190400000,1786194000000,2,2,0.125
MI-001,stage3:MI-001:1786194000000,1786197600000,1,1,0.0625
MI-001,stage3:MI-001:1786197600000,1786201200000,2,2,0.125
MI-001,stage3:MI-001:1786201200000,1786204800000,5,5,0.3125
MI-001,stage3:MI-001:1786204800000,1786208400000,3,3,0.1875
MI-001,stage3:MI-001:1786208400000,1786212000000,1,1,0.0625
MI-001,stage3:MI-001:1786212000000,1786215600000,1,1,0.0625
MI-001,stage3:MI-001:1786215600000,1786219200000,0,0,0.0
MI-001,stage3:MI-001:1786219200000,1786222800000,0,0,0.0
MI-001,stage3:MI-001:1786222800000,1786226400000,2,2,0.125
MI-001,stage3:MI-001:1786226400000,1786230000000,2,2,0.125
MI-001,stage3:MI-001:1786230000000,1786233600000,3,3,0.1875
MI-001,stage3:MI-001:1786233600000,1786237200000,3,3,0.1875
MI-001,stage3:MI-001:1786237200000,1786240800000,2,2,0.125
MI-001,stage3:MI-001:1786240800000,1786244400000,2,2,0.125
MI-001,stage3:MI-001:1786244400000,1786248000000,5,5,0.3125
MI-001,stage3:MI-001:1786248000000,1786251600000,4,4,0.25
MI-001,stage3:MI-001:1786251600000,1786255200000,2,2,0.125
MI-001,stage3:MI-001:1786255200000,1786258800000,2,2,0.125
MI-001,stage3:MI-001:1786258800000,1786262400000,3,3,0.1875
MI-001,stage3:MI-001:1786262400000,1786266000000,1,1,0.0625
MI-001,stage3:MI-001:1786266000000,1786269600000,5,5,0.3125
MI-001,stage3:MI-001:1786269600000,1786273200000,3,3,0.1875
MI-001,stage3:MI-001:1786273200000,1786276800000,2,2,0.125
MI-001,stage3:MI-001:1786276800000,1786280400000,4,4,0.25
MI-001,stage3:MI-001:1786280400000,1786284000000,4,4,0.25
MI-001,stage3:MI-001:1786284000000,1786287600000,2,2,0.125
MI-001,stage3:MI-001:1786287600000,1786291200000,2,2,0.125
MI-001,stage3:MI-001:1786291200000,1786294800000,4,4,0.25
MI-001,stage3:MI-001:1786294800000,1786298400000,4,4,0.25
MI-001,stage3:MI-001:1786298400000,1786302000000,1,1,0.0625
MI-001,stage3:MI-001:1786302000000,1786305600000,5,5,0.3125
MI-001,stage3:MI-001:1786305600000,1786309200000,2,2,0.125
MI-001,stage3:MI-001:1786309200000,1786312800000,0,0,0.0
MI-001,stage3:MI-001:1786312800000,1786316400000,2,2,0.125
MI-001,stage3:MI-001:1786316400000,1786320000000,2,2,0.125
MI-001,stage3:MI-001:1786320000000,1786323600000,3,3,0.1875
MI-001,stage3:MI-001:1786323600000,1786327200000,3,3,0.1875
MI-001,stage3:MI-001:1786327200000,1786330800000,5,5,0.3125
MI-001,stage3:MI-001:1786330800000,1786334400000,2,2,0.125
MI-001,stage3:MI-001:1786334400000,1786338000000,4,4,0.25
MI-001,stage3:MI-001:1786338000000,1786341600000,3,3,0.1875
MI-001,stage3:MI-001:1786341600000,1786345200000,2,2,0.125
MI-001,stage3:MI-001:1786345200000,1786348800000,3,3,0.1875
MI-001,stage3:MI-001:1786348800000,1786352400000,2,2,0.125
MI-001,stage3:MI-001:1786352400000,1786356000000,4,4,0.25
MI-001,stage3:MI-001:1786356000000,1786359600000,3,3,0.1875
MI-001,stage3:MI-001:1786359600000,1786363200000,1,1,0.0625
MI-001,stage3:MI-001:1786363200000,1786366800000,2,2,0.125
MI-001,stage3:MI-001:1786366800000,1786370400000,1,1,0.0625
MI-001,stage3:MI-001:1786370400000,1786374000000,4,4,0.25
MI-001,stage3:MI-001:1786374000000,1786377600000,1,1,0.0625
MI-001,stage3:MI-001:1786377600000,1786381200000,1,1,0.0625
MI-001,stage3:MI-001:1786381200000,1786384800000,1,1,0.0625
MI-001,stage3:MI-001:1786384800000,1786388400000,3,3,0.1875
MI-001,stage3:MI-001:1786388400000,1786392000000,3,3,0.1875
MI-001,stage3:MI-001:1786392000000,1786395600000,4,4,0.25
MI-001,stage3:MI-001:1786395600000,1786399200000,1,1,0.0625
MI-001,stage3:MI-001:1786399200000,1786402800000,1,1,0.0625
MI-001,stage3:MI-001:1786402800000,1786406400000,5,5,0.3125
MI-001,stage3:MI-001:1786406400000,1786410000000,3,3,0.1875
MI-001,stage3:MI-001:1786410000000,1786413600000,2,2,0.125
MI-001,stage3:MI-001:1786413600000,1786417200000,4,4,0.25
MI-001,stage3:MI-001:1786417200000,1786420800000,2,2,0.125
MI-001,stage3:MI-001:1786420800000,1786424400000,1,1,0.0625
MI-001,stage3:MI-001:1786424400000,1786428000000,1,1,0.0625
MI-001,stage3:MI-001:1786428000000,1786431600000,3,3,0.1875
MI-001,stage3:MI-001:1786431600000,1786435200000,3,3,0.1875
MI-001,stage3:MI-001:1786435200000,1786438800000,4,4,0.25
MI-001,stage3:MI-001:1786438800000,1786442400000,4,4,0.25
MI-001,stage3:MI-001:1786442400000,1786446000000,3,3,0.1875
MI-001,stage3:MI-001:1786446000000,1786449600000,2,2,0.125
MI-001,stage3:MI-001:1786449600000,1786453200000,3,3,0.1875
MI-001,stage3:MI-001:1786453200000,1786456800000,2,2,0.125
MI-001,stage3:MI-001:1786456800000,1786460400000,2,2,0.125
MI-001,stage3:MI-001:1786460400000,1786464000000,2,2,0.125
MI-001,stage3:MI-001:1786464000000,1786467600000,3,3,0.1875
MI-001,stage3:MI-001:1786467600000,1786471200000,1,1,0.0625
MI-001,stage3:MI-001:1786471200000,1786474800000,3,3,0.1875
MI-001,stage3:MI-001:1786474800000,1786478400000,3,3,0.1875
MI-001,stage3:MI-001:1786478400000,1786482000000,3,3,0.1875
MI-001,stage3:MI-001:1786482000000,1786485600000,2,2,0.125
MI-001,stage3:MI-001:1786485600000,1786489200000,3,3,0.1875
MI-001,stage3:MI-001:1786489200000,1786492800000,1,1,0.0625
MI-001,stage3:MI-001:1786492800000,1786496400000,4,4,0.25
MI-001,stage3:MI-001:1786496400000,1786500000000,3,3,0.1875
MI-001,stage3:MI-001:1786500000000,1786503600000,3,3,0.1875
MI-001,stage3:MI-001:1786503600000,1786507200000,1,1,0.0625
MI-001,stage3:MI-001:1786507200000,1786510800000,1,1,0.0625
MI-001,stage3:MI-001:1786510800000,1786514400000,1,1,0.0625
MI-001,stage3:MI-001:1786514400000,1786518000000,3,3,0.1875
MI-001,stage3:MI-001:1786518000000,1786521600000,1,1,0.0625
MI-001,stage3:MI-001:1786521600000,1786525200000,4,4,0.25
MI-001,stage3:MI-001:1786525200000,1786528800000,3,3,0.1875
MI-001,stage3:MI-001:1786528800000,1786532400000,6,6,0.375
MI-001,stage3:MI-001:1786532400000,1786536000000,1,1,0.0625
MI-001,stage3:MI-001:1786536000000,1786539600000,2,2,0.125
MI-001,stage3:MI-001:1786539600000,1786543200000,3,3,0.1875
MI-001,stage3:MI-001:1786543200000,1786546800000,3,3,0.1875
MI-001,stage3:MI-001:1786546800000,1786550400000,2,2,0.125
MI-001,stage3:MI-001:1786550400000,1786554000000,1,1,0.0625
MI-001,stage3:MI-001:1786554000000,1786557600000,2,2,0.125
MI-001,stage3:MI-001:1786557600000,1786561200000,4,4,0.25
MI-001,stage3:MI-001:1786561200000,1786564800000,2,2,0.125
MI-001,stage3:MI-001:1786564800000,1786568400000,0,0,0.0
MI-001,stage3:MI-001:1786568400000,1786572000000,2,2,0.125
MI-001,stage3:MI-001:1786572000000,1786575600000,2,2,0.125
MI-001,stage3:MI-001:1786575600000,1786579200000,4,4,0.25
MI-001,stage3:MI-001:1786579200000,1786582800000,1,1,0.0625
MI-001,stage3:MI-001:1786582800000,1786586400000,2,2,0.125
MI-001,stage3:MI-001:1786586400000,1786590000000,2,2,0.125
MI-001,stage3:MI-001:1786590000000,1786593600000,4,4,0.25
MI-001,stage3:MI-001:1786593600000,1786597200000,2,2,0.125
MI-001,stage3:MI-001:1786597200000,1786600800000,2,2,0.125
MI-001,stage3:MI-001:1786600800000,1786604400000,4,4,0.25
MI-001,stage3:MI-001:1786604400000,1786608000000,2,2,0.125
MI-001,stage3:MI-001:1786608000000,1786611600000,1,1,0.0625
MI-001,stage3:MI-001:1786611600000,1786615200000,2,2,0.125
MI-001,stage3:MI-001:1786615200000,1786618800000,1,1,0.0625
MI-001,stage3:MI-001:1786618800000,1786622400000,0,0,0.0
MI-001,stage3:MI-001:1786622400000,1786626000000,1,1,0.0625
MI-001,stage3:MI-001:1786626000000,1786629600000,4,4,0.25
MI-001,stage3:MI-001:1786629600000,1786633200000,3,3,0.1875
MI-001,stage3:MI-001:1786633200000,1786636800000,3,3,0.1875
MI-001,stage3:MI-001:1786636800000,1786640400000,3,3,0.1875
MI-001,stage3:MI-001:1786640400000,1786644000000,1,1,0.0625
MI-001,stage3:MI-001:1786644000000,1786647600000,2,2,0.125
MI-001,stage3:MI-001:1786647600000,1786651200000,3,3,0.1875
MI-001,stage3:MI-001:1786651200000,1786654800000,1,1,0.0625
MI-001,stage3:MI-001:1786654800000,1786658400000,4,4,0.25
MI-001,stage3:MI-001:1786658400000,1786662000000,2,2,0.125
MI-001,stage3:MI-001:1786662000000,1786665600000,3,3,0.1875
MI-001,stage3:MI-001:1786665600000,1786669200000,2,2,0.125
MI-001,stage3:MI-001:1786669200000,1786672800000,3,3,0.1875
MI-001,stage3:MI-001:1786672800000,1786676400000,1,1,0.0625
MI-001,stage3:MI-001:1786676400000,1786680000000,2,2,0.125
MI-001,stage3:MI-001:1786680000000,1786683600000,0,0,0.0
MI-001,stage3:MI-001:1786683600000,1786687200000,3,3,0.1875
MI-001,stage3:MI-001:1786687200000,1786690800000,2,2,0.125
MI-001,stage3:MI-001:1786690800000,1786694400000,2,2,0.125
MI-001,stage3:MI-001:1786694400000,1786698000000,3,3,0.1875
MI-001,stage3:MI-001:1786698000000,1786701600000,4,4,0.25
MI-001,stage3:MI-001:1786701600000,1786705200000,1,1,0.0625
MI-001,stage3:MI-001:1786705200000,1786708800000,3,3,0.1875
MI-001,stage3:MI-001:1786708800000,1786712400000,2,2,0.125
MI-001,stage3:MI-001:1786712400000,1786716000000,3,3,0.1875
MI-001,stage3:MI-001:1786716000000,1786719600000,1,1,0.0625
MI-001,stage3:MI-001:1786719600000,1786723200000,2,2,0.125
MI-001,stage3:MI-001:1786723200000,1786726800000,3,3,0.1875
MI-001,stage3:MI-001:1786726800000,1786730400000,3,3,0.1875
MI-001,stage3:MI-001:1786730400000,1786734000000,1,1,0.0625
MI-001,stage3:MI-001:1786734000000,1786737600000,0,0,0.0
MI-001,stage3:MI-001:1786737600000,1786741200000,3,3,0.1875
MI-001,stage3:MI-001:1786741200000,1786744800000,3,3,0.1875
MI-001,stage3:MI-001:1786744800000,1786748400000,1,1,0.0625
MI-001,stage3:MI-001:1786748400000,1786752000000,4,4,0.25
MI-001,stage3:MI-001:1786752000000,1786755600000,4,4,0.25
MI-001,stage3:MI-001:1786755600000,1786759200000,2,2,0.125
MI-001,stage3:MI-001:1786759200000,1786762800000,1,1,0.0625
MI-001,stage3:MI-001:1786762800000,1786766400000,1,1,0.0625
MI-001,stage3:MI-001:1786766400000,1786770000000,3,3,0.1875
MI-001,stage3:MI-001:1786770000000,1786773600000,2,2,0.125
MI-001,stage3:MI-001:1786773600000,1786777200000,1,1,0.0625
MI-001,stage3:MI-001:1786777200000,1786780800000,1,1,0.0625
MI-001,stage3:MI-001:1786780800000,1786784400000,2,2,0.125
MI-001,stage3:MI-001:1786784400000,1786788000000,2,2,0.125
MI-001,stage3:MI-001:1786788000000,1786791600000,3,3,0.1875
MI-001,stage3:MI-001:1786791600000,1786795200000,2,2,0.125
MI-001,stage3:MI-001:1786795200000,1786798800000,4,4,0.25
MI-001,stage3:MI-001:1786798800000,1786802400000,1,1,0.0625
MI-001,stage3:MI-001:1786802400000,1786806000000,3,3,0.1875
MI-001,stage3:MI-001:1786806000000,1786809600000,3,3,0.1875
MI-001,stage3:MI-001:1786809600000,1786813200000,2,2,0.125
MI-001,stage3:MI-001:1786813200000,1786816800000,2,2,0.125
MI-001,stage3:MI-001:1786816800000,1786820400000,3,3,0.1875
MI-001,stage3:MI-001:1786820400000,1786824000000,4,4,0.25
MI-001,stage3:MI-001:1786824000000,1786827600000,4,4,0.25
MI-001,stage3:MI-001:1786827600000,1786831200000,1,1,0.0625
MI-001,stage3:MI-001:1786831200000,1786834800000,4,4,0.25
MI-001,stage3:MI-001:1786834800000,1786838400000,3,3,0.1875
MI-001,stage3:MI-001:1786838400000,1786842000000,3,3,0.1875
MI-001,stage3:MI-001:1786842000000,1786845600000,5,5,0.3125
MI-001,stage3:MI-001:1786845600000,1786849200000,3,3,0.1875
MI-001,stage3:MI-001:1786849200000,1786852800000,5,5,0.3125
MI-001,stage3:MI-001:1786852800000,1786856400000,2,2,0.125
MI-001,stage3:MI-001:1786856400000,1786860000000,3,3,0.1875
MI-001,stage3:MI-001:1786860000000,1786863600000,2,2,0.125
MI-001,stage3:MI-001:1786863600000,1786867200000,3,3,0.1875
MI-001,stage3:MI-001:1786867200000,1786870800000,6,6,0.375
MI-001,stage3:MI-001:1786870800000,1786874400000,2,2,0.125
MI-001,stage3:MI-001:1786874400000,1786878000000,2,2,0.125
MI-001,stage3:MI-001:1786878000000,1786881600000,2,2,0.125
MI-001,stage3:MI-001:1786881600000,1786885200000,3,3,0.1875
MI-001,stage3:MI-001:1786885200000,1786888800000,2,2,0.125
MI-001,stage3:MI-001:1786888800000,1786892400000,3,3,0.1875
MI-001,stage3:MI-001:1786892400000,1786896000000,5,5,0.3125
MI-001,stage3:MI-001:1786896000000,1786899600000,3,3,0.1875
MI-001,stage3:MI-001:1786899600000,1786903200000,2,2,0.125
MI-001,stage3:MI-001:1786903200000,1786906800000,2,2,0.125
MI-001,stage3:MI-001:1786906800000,1786910400000,1,1,0.0625
MI-001,stage3:MI-001:1786910400000,1786914000000,2,2,0.125
MI-001,stage3:MI-001:1786914000000,1786917600000,4,4,0.25
MI-001,stage3:MI-001:1786917600000,1786921200000,1,1,0.0625
MI-001,stage3:MI-001:1786921200000,1786924800000,5,5,0.3125
MI-001,stage3:MI-001:1786924800000,1786928400000,3,3,0.1875
MI-001,stage3:MI-001:1786928400000,1786932000000,1,1,0.0625
MI-001,stage3:MI-001:1786932000000,1786935600000,4,4,0.25
MI-001,stage3:MI-001:1786935600000,1786939200000,4,4,0.25
MI-001,stage3:MI-001:1786939200000,1786942800000,3,3,0.1875
MI-001,stage3:MI-001:1786942800000,1786946400000,2,2,0.125
MI-001,stage3:MI-001:1786946400000,1786950000000,2,2,0.125
MI-001,stage3:MI-001:1786950000000,1786953600000,1,1,0.0625
MI-001,stage3:MI-001:1786953600000,1786957200000,2,2,0.125
MI-001,stage3:MI-001:1786957200000,1786960800000,0,0,0.0
MI-001,stage3:MI-001:1786960800000,1786964400000,2,2,0.125
MI-001,stage3:MI-001:1786964400000,1786968000000,4,4,0.25
MI-001,stage3:MI-001:1786968000000,1786971600000,1,1,0.0625
MI-001,stage3:MI-001:1786971600000,1786975200000,3,3,0.1875
MI-001,stage3:MI-001:1786975200000,1786978800000,3,3,0.1875
MI-001,stage3:MI-001:1786978800000,1786982400000,3,3,0.1875
MI-001,stage3:MI-001:1786982400000,1786986000000,2,2,0.125
MI-001,stage3:MI-001:1786986000000,1786989600000,2,2,0.125
MI-001,stage3:MI-001:1786989600000,1786993200000,3,3,0.1875
MI-001,stage3:MI-001:1786993200000,1786996800000,2,2,0.125
MI-001,stage3:MI-001:1786996800000,1787000400000,2,2,0.125
MI-001,stage3:MI-001:1787000400000,1787004000000,2,2,0.125
MI-001,stage3:MI-001:1787004000000,1787007600000,2,2,0.125
MI-001,stage3:MI-001:1787007600000,1787011200000,2,2,0.125
MI-001,stage3:MI-001:1787011200000,1787014800000,4,4,0.25
MI-001,stage3:MI-001:1787014800000,1787018400000,2,2,0.125
MI-001,stage3:MI-001:1787018400000,1787022000000,2,2,0.125
MI-001,stage3:MI-001:1787022000000,1787025600000,4,4,0.25
MI-001,stage3:MI-001:1787025600000,1787029200000,1,1,0.0625
MI-001,stage3:MI-001:1787029200000,1787032800000,2,2,0.125
MI-001,stage3:MI-001:1787032800000,1787036400000,3,3,0.1875
MI-001,stage3:MI-001:1787036400000,1787040000000,3,3,0.1875
MI-001,stage3:MI-001:1787040000000,1787043600000,0,0,0.0
MI-001,stage3:MI-001:1787043600000,1787047200000,2,2,0.125
MI-001,stage3:MI-001:1787047200000,1787050800000,1,1,0.0625
MI-001,stage3:MI-001:1787050800000,1787054400000,1,1,0.0625
MI-001,stage3:MI-001:1787054400000,1787058000000,4,4,0.25
MI-001,stage3:MI-001:1787058000000,1787061600000,2,2,0.125
MI-001,stage3:MI-001:1787061600000,1787065200000,1,1,0.0625
MI-001,stage3:MI-001:1787065200000,1787068800000,4,4,0.25
MI-001,stage3:MI-001:1787068800000,1787072400000,1,1,0.0625
MI-001,stage3:MI-001:1787072400000,1787076000000,2,2,0.125
MI-001,stage3:MI-001:1787076000000,1787079600000,2,2,0.125
MI-001,stage3:MI-001:1787079600000,1787083200000,3,3,0.1875
MI-001,stage3:MI-001:1787083200000,1787086800000,2,2,0.125
MI-001,stage3:MI-001:1787086800000,1787090400000,4,4,0.25
MI-001,stage3:MI-001:1787090400000,1787094000000,2,2,0.125
MI-001,stage3:MI-001:1787094000000,1787097600000,2,2,0.125
MI-001,stage3:MI-001:1787097600000,1787101200000,4,4,0.25
MI-001,stage3:MI-001:1787101200000,1787104800000,2,2,0.125
MI-001,stage3:MI-001:1787104800000,1787108400000,3,3,0.1875
MI-001,stage3:MI-001:1787108400000,1787112000000,2,2,0.125
MI-001,stage3:MI-001:1787112000000,1787115600000,4,4,0.25
MI-001,stage3:MI-001:1787115600000,1787119200000,2,2,0.125
MI-001,stage3:MI-001:1787119200000,1787122800000,2,2,0.125
MI-001,stage3:MI-001:1787122800000,1787126400000,3,3,0.1875
MI-001,stage3:MI-001:1787126400000,1787130000000,2,2,0.125
MI-001,stage3:MI-001:1787130000000,1787133600000,4,4,0.25
MI-001,stage3:MI-001:1787133600000,1787137200000,3,3,0.1875
MI-001,stage3:MI-001:1787137200000,1787140800000,2,2,0.125
MI-001,stage3:MI-001:1787140800000,1787144400000,4,4,0.25
MI-001,stage3:MI-001:1787144400000,1787148000000,2,2,0.125
MI-001,stage3:MI-001:1787148000000,1787151600000,1,1,0.0625
MI-001,stage3:MI-001:1787151600000,1787155200000,2,2,0.125
MI-001,stage3:MI-001:1787155200000,1787158800000,2,2,0.125
MI-001,stage3:MI-001:1787158800000,1787162400000,2,2,0.125
MI-001,stage3:MI-001:1787162400000,1787166000000,3,3,0.1875
MI-001,stage3:MI-001:1787166000000,1787169600000,2,2,0.125
MI-001,stage3:MI-001:1787169600000,1787173200000,2,2,0.125
MI-001,stage3:MI-001:1787173200000,1787176800000,3,3,0.1875
MI-001,stage3:MI-001:1787176800000,1787180400000,2,2,0.125
MI-001,stage3:MI-001:1787180400000,1787184000000,3,3,0.1875
MI-001,stage3:MI-001:1787184000000,1787187600000,1,1,0.0625
MI-001,stage3:MI-001:1787187600000,1787191200000,1,1,0.0625
MI-001,stage3:MI-001:1787191200000,1787194800000,2,2,0.125
MI-001,stage3:MI-001:1787194800000,1787198400000,2,2,0.125
MI-001,stage3:MI-001:1787198400000,1787202000000,6,6,0.375
MI-001,stage3:MI-001:1787202000000,1787205600000,2,2,0.125
MI-001,stage3:MI-001:1787205600000,1787209200000,0,0,0.0
MI-001,stage3:MI-001:1787209200000,1787212800000,2,2,0.125
MI-001,stage3:MI-001:1787212800000,1787216400000,2,2,0.125
MI-001,stage3:MI-001:1787216400000,1787220000000,6,6,0.375
MI-001,stage3:MI-001:1787220000000,1787223600000,3,3,0.1875
MI-001,stage3:MI-001:1787223600000,1787227200000,2,2,0.125
MI-001,stage3:MI-001:1787227200000,1787230800000,2,2,0.125
MI-001,stage3:MI-001:1787230800000,1787234400000,1,1,0.0625
MI-001,stage3:MI-001:1787234400000,1787238000000,2,2,0.125
MI-001,stage3:MI-001:1787238000000,1787241600000,0,0,0.0
MI-001,stage3:MI-001:1787241600000,1787245200000,3,3,0.1875
MI-001,stage3:MI-001:1787245200000,1787248800000,3,3,0.1875
MI-001,stage3:MI-001:1787248800000,1787252400000,2,2,0.125
MI-001,stage3:MI-001:1787252400000,1787256000000,2,2,0.125
MI-001,stage3:MI-001:1787256000000,1787259600000,4,4,0.25
MI-001,stage3:MI-001:1787259600000,1787263200000,5,5,0.3125
MI-001,stage3:MI-001:1787263200000,1787266800000,1,1,0.0625
MI-001,stage3:MI-001:1787266800000,1787270400000,3,3,0.1875
MI-001,stage3:MI-001:1787270400000,1787274000000,2,2,0.125
MI-001,stage3:MI-001:1787274000000,1787277600000,3,3,0.1875
MI-001,stage3:MI-001:1787277600000,1787281200000,3,3,0.1875
MI-001,stage3:MI-001:1787281200000,1787284800000,2,2,0.125
MI-001,stage3:MI-001:1787284800000,1787288400000,3,3,0.1875
MI-001,stage3:MI-001:1787288400000,1787292000000,2,2,0.125
MI-001,stage3:MI-001:1787292000000,1787295600000,4,4,0.25
MI-001,stage3:MI-001:1787295600000,1787299200000,2,2,0.125
MI-001,stage3:MI-001:1787299200000,1787302800000,3,3,0.1875
MI-001,stage3:MI-001:1787302800000,1787306400000,3,3,0.1875
MI-001,stage3:MI-001:1787306400000,1787310000000,1,1,0.0625
MI-001,stage3:MI-001:1787310000000,1787313600000,1,1,0.0625
MI-001,stage3:MI-001:1787313600000,1787317200000,2,2,0.125
MI-001,stage3:MI-001:1787317200000,1787320800000,4,4,0.25
MI-001,stage3:MI-001:1787320800000,1787324400000,2,2,0.125
MI-001,stage3:MI-001:1787324400000,1787328000000,3,3,0.1875
MI-001,stage3:MI-001:1787328000000,1787331600000,2,2,0.125
MI-001,stage3:MI-001:1787331600000,1787335200000,3,3,0.1875
MI-001,stage3:MI-001:1787335200000,1787338800000,3,3,0.1875
MI-001,stage3:MI-001:1787338800000,1787342400000,1,1,0.0625
MI-001,stage3:MI-001:1787342400000,1787346000000,3,3,0.1875
MI-001,stage3:MI-001:1787346000000,1787349600000,4,4,0.25
MI-001,stage3:MI-001:1787349600000,1787353200000,3,3,0.1875
MI-001,stage3:MI-001:1787353200000,1787356800000,2,2,0.125
MI-001,stage3:MI-001:1787356800000,1787360400000,0,0,0.0
MI-001,stage3:MI-001:1787360400000,1787364000000,2,2,0.125
MI-001,stage3:MI-001:1787364000000,1787367600000,3,3,0.1875
MI-001,stage3:MI-001:1787367600000,1787371200000,3,3,0.1875
MI-001,stage3:MI-001:1787371200000,1787374800000,2,2,0.125
MI-001,stage3:MI-001:1787374800000,1787378400000,2,2,0.125
MI-001,stage3:MI-001:1787378400000,1787382000000,0,0,0.0
MI-001,stage3:MI-001:1787382000000,1787385600000,1,1,0.0625
MI-001,stage3:MI-001:1787385600000,1787389200000,0,0,0.0
MI-001,stage3:MI-001:1787389200000,1787392800000,1,1,0.0625
MI-001,stage3:MI-001:1787392800000,1787396400000,4,4,0.25
MI-001,stage3:MI-001:1787396400000,1787400000000,2,2,0.125
MI-001,stage3:MI-001:1787400000000,1787403600000,4,4,0.25
MI-001,stage3:MI-001:1787403600000,1787407200000,3,3,0.1875
MI-001,stage3:MI-001:1787407200000,1787410800000,3,3,0.1875
MI-001,stage3:MI-001:1787410800000,1787414400000,3,3,0.1875
MI-001,stage3:MI-001:1787414400000,1787418000000,2,2,0.125
MI-001,stage3:MI-001:1787418000000,1787421600000,6,6,0.375
MI-001,stage3:MI-001:1787421600000,1787425200000,2,2,0.125
MI-001,stage3:MI-001:1787425200000,1787428800000,3,3,0.1875
MI-001,stage3:MI-001:1787428800000,1787432400000,2,2,0.125
MI-001,stage3:MI-001:1787432400000,1787436000000,1,1,0.0625
MI-001,stage3:MI-001:1787436000000,1787439600000,1,1,0.0625
MI-001,stage3:MI-001:1787439600000,1787443200000,3,3,0.1875
MI-001,stage3:MI-001:1787443200000,1787446800000,4,4,0.25
MI-001,stage3:MI-001:1787446800000,1787450400000,4,4,0.25
MI-001,stage3:MI-001:1787450400000,1787454000000,4,4,0.25
MI-001,stage3:MI-001:1787454000000,1787457600000,0,0,0.0
MI-001,stage3:MI-001:1787457600000,1787461200000,0,0,0.0
MI-001,stage3:MI-001:1787461200000,1787464800000,3,3,0.1875
MI-001,stage3:MI-001:1787464800000,1787468400000,3,3,0.1875
MI-001,stage3:MI-001:1787468400000,1787472000000,5,5,0.3125
MI-001,stage3:MI-001:1787472000000,1787475600000,5,5,0.3125
MI-001,stage3:MI-001:1787475600000,1787479200000,4,4,0.25
MI-001,stage3:MI-001:1787479200000,1787482800000,1,1,0.0625
MI-001,stage3:MI-001:1787482800000,1787486400000,4,4,0.25
MI-001,stage3:MI-001:1787486400000,1787490000000,1,1,0.0625
MI-001,stage3:MI-001:1787490000000,1787493600000,5,5,0.3125
MI-001,stage3:MI-001:1787493600000,1787497200000,4,4,0.25
MI-001,stage3:MI-001:1787497200000,1787500800000,1,1,0.0625
MI-001,stage3:MI-001:1787500800000,1787504400000,0,0,0.0
MI-001,stage3:MI-001:1787504400000,1787508000000,3,3,0.1875
MI-001,stage3:MI-001:1787508000000,1787511600000,2,2,0.125
MI-001,stage3:MI-001:1787511600000,1787515200000,4,4,0.25
MI-001,stage3:MI-001:1787515200000,1787518800000,1,1,0.0625
MI-001,stage3:MI-001:1787518800000,1787522400000,3,3,0.1875
MI-001,stage3:MI-001:1787522400000,1787526000000,3,3,0.1875
MI-001,stage3:MI-001:1787526000000,1787529600000,1,1,0.0625
MI-001,stage3:MI-001:1787529600000,1787533200000,1,1,0.0625
MI-001,stage3:MI-001:1787533200000,1787536800000,2,2,0.125
MI-001,stage3:MI-001:1787536800000,1787540400000,3,3,0.1875
MI-001,stage3:MI-001:1787540400000,1787544000000,3,3,0.1875
MI-001,stage3:MI-001:1787544000000,1787547600000,1,1,0.0625
MI-001,stage3:MI-001:1787547600000,1787551200000,4,4,0.25
MI-001,stage3:MI-001:1787551200000,1787554800000,3,3,0.1875
MI-001,stage3:MI-001:1787554800000,1787558400000,2,2,0.125
MI-001,stage3:MI-001:1787558400000,1787562000000,1,1,0.0625
MI-001,stage3:MI-001:1787562000000,1787565600000,1,1,0.0625
MI-001,stage3:MI-001:1787565600000,1787569200000,4,4,0.25
MI-001,stage3:MI-001:1787569200000,1787572800000,1,1,0.0625
MI-001,stage3:MI-001:1787572800000,1787576400000,3,3,0.1875
MI-001,stage3:MI-001:1787576400000,1787580000000,3,3,0.1875
MI-001,stage3:MI-001:1787580000000,1787583600000,0,0,0.0
MI-001,stage3:MI-001:1787583600000,1787587200000,4,4,0.25
MI-001,stage3:MI-001:1787587200000,1787590800000,0,0,0.0
MI-001,stage3:MI-001:1787590800000,1787594400000,4,4,0.25
MI-001,stage3:MI-001:1787594400000,1787598000000,1,1,0.0625
MI-001,stage3:MI-001:1787598000000,1787601600000,4,4,0.25
MI-001,stage3:MI-001:1787601600000,1787605200000,2,2,0.125
MI-001,stage3:MI-001:1787605200000,1787608800000,3,3,0.1875
MI-001,stage3:MI-001:1787608800000,1787612400000,3,3,0.1875
MI-001,stage3:MI-001:1787612400000,1787616000000,1,1,0.0625
MI-001,stage3:MI-001:1787616000000,1787619600000,3,3,0.1875
MI-001,stage3:MI-001:1787619600000,1787623200000,5,5,0.3125
MI-001,stage3:MI-001:1787623200000,1787626800000,3,3,0.1875
MI-001,stage3:MI-001:1787626800000,1787630400000,5,5,0.3125
MI-001,stage3:MI-001:1787630400000,1787634000000,1,1,0.0625
MI-001,stage3:MI-001:1787634000000,1787637600000,4,4,0.25
MI-001,stage3:MI-001:1787637600000,1787641200000,1,1,0.0625
MI-001,stage3:MI-001:1787641200000,1787644800000,2,2,0.125
MI-001,stage3:MI-001:1787644800000,1787648400000,2,2,0.125
MI-001,stage3:MI-001:1787648400000,1787652000000,4,4,0.25
MI-001,stage3:MI-001:1787652000000,1787655600000,1,1,0.0625
MI-001,stage3:MI-001:1787655600000,1787659200000,4,4,0.25
MI-001,stage3:MI-001:1787659200000,1787662800000,1,1,0.0625
MI-001,stage3:MI-001:1787662800000,1787666400000,3,3,0.1875
MI-001,stage3:MI-001:1787666400000,1787670000000,2,2,0.125
MI-001,stage3:MI-001:1787670000000,1787673600000,4,4,0.25
MI-001,stage3:MI-001:1787673600000,1787677200000,2,2,0.125
MI-001,stage3:MI-001:1787677200000,1787680800000,3,3,0.1875
MI-001,stage3:MI-001:1787680800000,1787684400000,4,4,0.25
MI-001,stage3:MI-001:1787684400000,1787688000000,0,0,0.0
MI-001,stage3:MI-001:1787688000000,1787691600000,0,0,0.0
MI-001,stage3:MI-001:1787691600000,1787695200000,2,2,0.125
MI-001,stage3:MI-001:1787695200000,1787698800000,4,4,0.25
MI-001,stage3:MI-001:1787698800000,1787702400000,3,3,0.1875
MI-001,stage3:MI-001:1787702400000,1787706000000,0,0,0.0
MI-001,stage3:MI-001:1787706000000,1787709600000,3,3,0.1875
MI-001,stage3:MI-001:1787709600000,1787713200000,2,2,0.125
MI-001,stage3:MI-001:1787713200000,1787716800000,3,3,0.1875
MI-001,stage3:MI-001:1787716800000,1787720400000,2,2,0.125
MI-001,stage3:MI-001:1787720400000,1787724000000,1,1,0.0625
MI-001,stage3:MI-001:1787724000000,1787727600000,4,4,0.25
MI-001,stage3:MI-001:1787727600000,1787731200000,3,3,0.1875
MI-001,stage3:MI-001:1787731200000,1787734800000,0,0,0.0
MI-001,stage3:MI-001:1787734800000,1787738400000,0,0,0.0
MI-001,stage3:MI-001:1787738400000,1787742000000,3,3,0.1875
MI-001,stage3:MI-001:1787742000000,1787745600000,4,4,0.25
MI-001,stage3:MI-001:1787745600000,1787749200000,0,0,0.0
MI-001,stage3:MI-001:1787749200000,1787752800000,2,2,0.125
MI-001,stage3:MI-001:1787752800000,1787756400000,4,4,0.25
MI-001,stage3:MI-001:1787756400000,1787760000000,5,5,0.3125
MI-001,stage3:MI-001:1787760000000,1787763600000,4,4,0.25
MI-001,stage3:MI-001:1787763600000,1787767200000,2,2,0.125
MI-001,stage3:MI-001:1787767200000,1787770800000,4,4,0.25
MI-001,stage3:MI-001:1787770800000,1787774400000,3,3,0.1875
MI-001,stage3:MI-001:1787774400000,1787778000000,1,1,0.0625
MI-001,stage3:MI-001:1787778000000,1787781600000,3,3,0.1875
MI-001,stage3:MI-001:1787781600000,1787785200000,3,3,0.1875
MI-001,stage3:MI-001:1787785200000,1787788800000,5,5,0.3125
MI-001,stage3:MI-001:1787788800000,1787792400000,1,1,0.0625
MI-001,stage3:MI-001:1787792400000,1787796000000,2,2,0.125
MI-001,stage3:MI-001:1787796000000,1787799600000,1,1,0.0625
MI-001,stage3:MI-001:1787799600000,1787803200000,0,0,0.0
MI-001,stage3:MI-001:1787803200000,1787806800000,3,3,0.1875
MI-001,stage3:MI-001:1787806800000,1787810400000,1,1,0.0625
MI-001,stage3:MI-001:1787810400000,1787814000000,4,4,0.25
MI-001,stage3:MI-001:1787814000000,1787817600000,4,4,0.25
MI-001,stage3:MI-001:1787817600000,1787821200000,2,2,0.125
MI-001,stage3:MI-001:1787821200000,1787824800000,4,4,0.25
MI-001,stage3:MI-001:1787824800000,1787828400000,3,3,0.1875
MI-001,stage3:MI-001:1787828400000,1787832000000,1,1,0.0625
MI-001,stage3:MI-001:1787832000000,1787835600000,4,4,0.25
MI-001,stage3:MI-001:1787835600000,1787839200000,2,2,0.125
MI-001,stage3:MI-001:1787839200000,1787842800000,4,4,0.25
MI-001,stage3:MI-001:1787842800000,1787846400000,2,2,0.125
MI-001,stage3:MI-001:1787846400000,1787850000000,3,3,0.1875
MI-001,stage3:MI-001:1787850000000,1787853600000,2,2,0.125
MI-001,stage3:MI-001:1787853600000,1787857200000,4,4,0.25
MI-001,stage3:MI-001:1787857200000,1787860800000,1,1,0.0625
MI-001,stage3:MI-001:1787860800000,1787864400000,3,3,0.1875
MI-001,stage3:MI-001:1787864400000,1787868000000,6,6,0.375
MI-001,stage3:MI-001:1787868000000,1787871600000,1,1,0.0625
MI-001,stage3:MI-001:1787871600000,1787875200000,3,3,0.1875
MI-001,stage3:MI-001:1787875200000,1787878800000,2,2,0.125
MI-001,stage3:MI-001:1787878800000,1787882400000,3,3,0.1875
MI-001,stage3:MI-001:1787882400000,1787886000000,2,2,0.125
MI-001,stage3:MI-001:1787886000000,1787889600000,2,2,0.125
MI-001,stage3:MI-001:1787889600000,1787893200000,3,3,0.1875
MI-001,stage3:MI-001:1787893200000,1787896800000,4,4,0.25
MI-001,stage3:MI-001:1787896800000,1787900400000,3,3,0.1875
MI-001,stage3:MI-001:1787900400000,1787904000000,2,2,0.125
MI-001,stage3:MI-001:1787904000000,1787907600000,2,2,0.125
MI-001,stage3:MI-001:1787907600000,1787911200000,1,1,0.0625
MI-001,stage3:MI-001:1787911200000,1787914800000,2,2,0.125
MI-001,stage3:MI-001:1787914800000,1787918400000,4,4,0.25
MI-001,stage3:MI-001:1787918400000,1787922000000,2,2,0.125
MI-001,stage3:MI-001:1787922000000,1787925600000,3,3,0.1875
MI-001,stage3:MI-001:1787925600000,1787929200000,1,1,0.0625
MI-001,stage3:MI-001:1787929200000,1787932800000,4,4,0.25
MI-001,stage3:MI-001:1787932800000,1787936400000,2,2,0.125
MI-001,stage3:MI-001:1787936400000,1787940000000,1,1,0.0625
MI-001,stage3:MI-001:1787940000000,1787943600000,3,3,0.1875
MI-001,stage3:MI-001:1787943600000,1787947200000,2,2,0.125
MI-001,stage3:MI-001:1787947200000,1787950800000,3,3,0.1875
MI-001,stage3:MI-001:1787950800000,1787954400000,3,3,0.1875
MI-001,stage3:MI-001:1787954400000,1787958000000,1,1,0.0625
MI-001,stage3:MI-001:1787958000000,1787961600000,5,5,0.3125
MI-001,stage3:MI-001:1787961600000,1787965200000,4,4,0.25
MI-001,stage3:MI-001:1787965200000,1787968800000,3,3,0.1875
MI-001,stage3:MI-001:1787968800000,1787972400000,3,3,0.1875
MI-001,stage3:MI-001:1787972400000,1787976000000,6,6,0.375
MI-001,stage3:MI-001:1787976000000,1787979600000,0,0,0.0
MI-001,stage3:MI-001:1787979600000,1787983200000,2,2,0.125
MI-001,stage3:MI-001:1787983200000,1787986800000,1,1,0.0625
MI-001,stage3:MI-001:1787986800000,1787990400000,0,0,0.0
MI-001,stage3:MI-001:1787990400000,1787994000000,3,3,0.1875
MI-001,stage3:MI-001:1787994000000,1787997600000,2,2,0.125
MI-001,stage3:MI-001:1787997600000,1788001200000,1,1,0.0625
MI-001,stage3:MI-001:1788001200000,1788004800000,5,5,0.3125
MI-001,stage3:MI-001:1788004800000,1788008400000,2,2,0.125
MI-001,stage3:MI-001:1788008400000,1788012000000,4,4,0.25
MI-001,stage3:MI-001:1788012000000,1788015600000,3,3,0.1875
MI-001,stage3:MI-001:1788015600000,1788019200000,3,3,0.1875
MI-001,stage3:MI-001:1788019200000,1788022800000,0,0,0.0
MI-001,stage3:MI-001:1788022800000,1788026400000,3,3,0.1875
MI-001,stage3:MI-001:1788026400000,1788030000000,3,3,0.1875
MI-001,stage3:MI-001:1788030000000,1788033600000,3,3,0.1875
MI-001,stage3:MI-001:1788033600000,1788037200000,4,4,0.25
MI-001,stage3:MI-001:1788037200000,1788040800000,1,1,0.0625
MI-001,stage3:MI-001:1788040800000,1788044400000,2,2,0.125
MI-001,stage3:MI-001:1788044400000,1788048000000,4,4,0.25
MI-001,stage3:MI-001:1788048000000,1788051600000,3,3,0.1875
MI-001,stage3:MI-001:1788051600000,1788055200000,2,2,0.125
MI-001,stage3:MI-001:1788055200000,1788058800000,2,2,0.125
MI-001,stage3:MI-001:1788058800000,1788062400000,5,5,0.3125
MI-001,stage3:MI-001:1788062400000,1788066000000,1,1,0.0625
MI-001,stage3:MI-001:1788066000000,1788069600000,2,2,0.125
MI-001,stage3:MI-001:1788069600000,1788073200000,2,2,0.125
MI-001,stage3:MI-001:1788073200000,1788076800000,5,5,0.3125
MI-001,stage3:MI-001:1788076800000,1788080400000,2,2,0.125
MI-001,stage3:MI-001:1788080400000,1788084000000,3,3,0.1875
MI-001,stage3:MI-001:1788084000000,1788087600000,2,2,0.125
MI-001,stage3:MI-001:1788087600000,1788091200000,3,3,0.1875
MI-001,stage3:MI-001:1788091200000,1788094800000,3,3,0.1875
MI-001,stage3:MI-001:1788094800000,1788098400000,2,2,0.125
MI-001,stage3:MI-001:1788098400000,1788102000000,1,1,0.0625
MI-001,stage3:MI-001:1788102000000,1788105600000,2,2,0.125
MI-001,stage3:MI-001:1788105600000,1788109200000,1,1,0.0625
MI-001,stage3:MI-001:1788109200000,1788112800000,2,2,0.125
MI-001,stage3:MI-001:1788112800000,1788116400000,2,2,0.125
MI-001,stage3:MI-001:1788116400000,1788120000000,3,3,0.1875
MI-001,stage3:MI-001:1788120000000,1788123600000,0,0,0.0
MI-001,stage3:MI-001:1788123600000,1788127200000,1,1,0.0625
MI-001,stage3:MI-001:1788127200000,1788130800000,1,1,0.0625
MPG-001,stage3:MPG-001:1785452400000,1785456000000,0,0,
MPG-001,stage3:MPG-001:1785456000000,1785459600000,0,0,0.0
MPG-001,stage3:MPG-001:1785459600000,1785463200000,2,2,0.125
MPG-001,stage3:MPG-001:1785463200000,1785466800000,1,1,0.0625
MPG-001,stage3:MPG-001:1785466800000,1785470400000,1,1,0.0625
MPG-001,stage3:MPG-001:1785470400000,1785474000000,2,2,0.125
MPG-001,stage3:MPG-001:1785474000000,1785477600000,0,0,0.0
MPG-001,stage3:MPG-001:1785477600000,1785481200000,0,0,0.0
MPG-001,stage3:MPG-001:1785481200000,1785484800000,2,2,0.125
MPG-001,stage3:MPG-001:1785484800000,1785488400000,1,1,0.0625
MPG-001,stage3:MPG-001:1785488400000,1785492000000,1,1,0.0625
MPG-001,stage3:MPG-001:1785492000000,1785495600000,1,1,0.0625
MPG-001,stage3:MPG-001:1785495600000,1785499200000,3,3,0.1875
MPG-001,stage3:MPG-001:1785499200000,1785502800000,0,0,0.0
MPG-001,stage3:MPG-001:1785502800000,1785506400000,1,1,0.0625
MPG-001,stage3:MPG-001:1785506400000,1785510000000,1,1,0.0625
MPG-001,stage3:MPG-001:1785510000000,1785513600000,1,1,0.0625
MPG-001,stage3:MPG-001:1785513600000,1785517200000,1,1,0.0625
MPG-001,stage3:MPG-001:1785517200000,1785520800000,0,0,0.0
MPG-001,stage3:MPG-001:1785520800000,1785524400000,0,0,0.0
MPG-001,stage3:MPG-001:1785524400000,1785528000000,1,1,0.0625
MPG-001,stage3:MPG-001:1785528000000,1785531600000,0,0,0.0
MPG-001,stage3:MPG-001:1785531600000,1785535200000,1,1,0.0625
MPG-001,stage3:MPG-001:1785535200000,1785538800000,1,1,0.0625
MPG-001,stage3:MPG-001:1785538800000,1785542400000,2,2,0.125
MPG-001,stage3:MPG-001:1785542400000,1785546000000,1,1,0.0625
MPG-001,stage3:MPG-001:1785546000000,1785549600000,1,1,0.0625
MPG-001,stage3:MPG-001:1785549600000,1785553200000,1,1,0.0625
MPG-001,stage3:MPG-001:1785553200000,1785556800000,2,2,0.125
MPG-001,stage3:MPG-001:1785556800000,1785560400000,1,1,0.0625
MPG-001,stage3:MPG-001:1785560400000,1785564000000,1,1,0.0625
MPG-001,stage3:MPG-001:1785564000000,1785567600000,0,0,0.0
MPG-001,stage3:MPG-001:1785567600000,1785571200000,1,1,0.0625
MPG-001,stage3:MPG-001:1785571200000,1785574800000,1,1,0.0625
MPG-001,stage3:MPG-001:1785574800000,1785578400000,1,1,0.0625
MPG-001,stage3:MPG-001:1785578400000,1785582000000,1,1,0.0625
MPG-001,stage3:MPG-001:1785582000000,1785585600000,1,1,0.0625
MPG-001,stage3:MPG-001:1785585600000,1785589200000,1,1,0.0625
MPG-001,stage3:MPG-001:1785589200000,1785592800000,0,0,0.0
MPG-001,stage3:MPG-001:1785592800000,1785596400000,1,1,0.0625
MPG-001,stage3:MPG-001:1785596400000,1785600000000,0,0,0.0
MPG-001,stage3:MPG-001:1785600000000,1785603600000,1,1,0.0625
MPG-001,stage3:MPG-001:1785603600000,1785607200000,1,1,0.0625
MPG-001,stage3:MPG-001:1785607200000,1785610800000,0,0,0.0
MPG-001,stage3:MPG-001:1785610800000,1785614400000,1,1,0.0625
MPG-001,stage3:MPG-001:1785614400000,1785618000000,0,0,0.0
MPG-001,stage3:MPG-001:1785618000000,1785621600000,0,0,0.0
MPG-001,stage3:MPG-001:1785621600000,1785625200000,0,0,0.0
MPG-001,stage3:MPG-001:1785625200000,1785628800000,1,1,0.0625
MPG-001,stage3:MPG-001:1785628800000,1785632400000,0,0,0.0
MPG-001,stage3:MPG-001:1785632400000,1785636000000,1,1,0.0625
MPG-001,stage3:MPG-001:1785636000000,1785639600000,1,1,0.0625
MPG-001,stage3:MPG-001:1785639600000,1785643200000,1,1,0.0625
MPG-001,stage3:MPG-001:1785643200000,1785646800000,1,1,0.0625
MPG-001,stage3:MPG-001:1785646800000,1785650400000,1,1,0.0625
MPG-001,stage3:MPG-001:1785650400000,1785654000000,0,0,0.0
MPG-001,stage3:MPG-001:1785654000000,1785657600000,2,2,0.125
MPG-001,stage3:MPG-001:1785657600000,1785661200000,1,1,0.0625
MPG-001,stage3:MPG-001:1785661200000,1785664800000,1,1,0.0625
MPG-001,stage3:MPG-001:1785664800000,1785668400000,1,1,0.0625
MPG-001,stage3:MPG-001:1785668400000,1785672000000,0,0,0.0
MPG-001,stage3:MPG-001:1785672000000,1785675600000,0,0,0.0
MPG-001,stage3:MPG-001:1785675600000,1785679200000,1,1,0.0625
MPG-001,stage3:MPG-001:1785679200000,1785682800000,1,1,0.0625
MPG-001,stage3:MPG-001:1785682800000,1785686400000,0,0,0.0
MPG-001,stage3:MPG-001:1785686400000,1785690000000,1,1,0.0625
MPG-001,stage3:MPG-001:1785690000000,1785693600000,0,0,0.0
MPG-001,stage3:MPG-001:1785693600000,1785697200000,0,0,0.0
MPG-001,stage3:MPG-001:1785697200000,1785700800000,0,0,0.0
MPG-001,stage3:MPG-001:1785700800000,1785704400000,1,1,0.0625
MPG-001,stage3:MPG-001:1785704400000,1785708000000,1,1,0.0625
MPG-001,stage3:MPG-001:1785708000000,1785711600000,1,1,0.0625
MPG-001,stage3:MPG-001:1785711600000,1785715200000,2,2,0.125
MPG-001,stage3:MPG-001:1785715200000,1785718800000,0,0,0.0
MPG-001,stage3:MPG-001:1785718800000,1785722400000,1,1,0.0625
MPG-001,stage3:MPG-001:1785722400000,1785726000000,2,2,0.125
MPG-001,stage3:MPG-001:1785726000000,1785729600000,2,2,0.125
MPG-001,stage3:MPG-001:1785729600000,1785733200000,2,2,0.125
MPG-001,stage3:MPG-001:1785733200000,1785736800000,2,2,0.125
MPG-001,stage3:MPG-001:1785736800000,1785740400000,0,0,0.0
MPG-001,stage3:MPG-001:1785740400000,1785744000000,0,0,0.0
MPG-001,stage3:MPG-001:1785744000000,1785747600000,2,2,0.125
MPG-001,stage3:MPG-001:1785747600000,1785751200000,2,2,0.125
MPG-001,stage3:MPG-001:1785751200000,1785754800000,0,0,0.0
MPG-001,stage3:MPG-001:1785754800000,1785758400000,0,0,0.0
MPG-001,stage3:MPG-001:1785758400000,1785762000000,0,0,0.0
MPG-001,stage3:MPG-001:1785762000000,1785765600000,1,1,0.0625
MPG-001,stage3:MPG-001:1785765600000,1785769200000,0,0,0.0
MPG-001,stage3:MPG-001:1785769200000,1785772800000,1,1,0.0625
MPG-001,stage3:MPG-001:1785772800000,1785776400000,0,0,0.0
MPG-001,stage3:MPG-001:1785776400000,1785780000000,0,0,0.0
MPG-001,stage3:MPG-001:1785780000000,1785783600000,1,1,0.0625
MPG-001,stage3:MPG-001:1785783600000,1785787200000,1,1,0.0625
MPG-001,stage3:MPG-001:1785787200000,1785790800000,0,0,0.0
MPG-001,stage3:MPG-001:1785790800000,1785794400000,0,0,0.0
MPG-001,stage3:MPG-001:1785794400000,1785798000000,0,0,0.0
MPG-001,stage3:MPG-001:1785798000000,1785801600000,1,1,0.0625
MPG-001,stage3:MPG-001:1785801600000,1785805200000,1,1,0.0625
MPG-001,stage3:MPG-001:1785805200000,1785808800000,0,0,0.0
MPG-001,stage3:MPG-001:1785808800000,1785812400000,0,0,0.0
MPG-001,stage3:MPG-001:1785812400000,1785816000000,0,0,0.0
MPG-001,stage3:MPG-001:1785816000000,1785819600000,1,1,0.0625
MPG-001,stage3:MPG-001:1785819600000,1785823200000,0,0,0.0
MPG-001,stage3:MPG-001:1785823200000,1785826800000,0,0,0.0
MPG-001,stage3:MPG-001:1785826800000,1785830400000,0,0,0.0
MPG-001,stage3:MPG-001:1785830400000,1785834000000,0,0,0.0
MPG-001,stage3:MPG-001:1785834000000,1785837600000,0,0,0.0
MPG-001,stage3:MPG-001:1785837600000,1785841200000,1,1,0.0625
MPG-001,stage3:MPG-001:1785841200000,1785844800000,1,1,0.0625
MPG-001,stage3:MPG-001:1785844800000,1785848400000,2,2,0.125
MPG-001,stage3:MPG-001:1785848400000,1785852000000,2,2,0.125
MPG-001,stage3:MPG-001:1785852000000,1785855600000,2,2,0.125
MPG-001,stage3:MPG-001:1785855600000,1785859200000,2,2,0.125
MPG-001,stage3:MPG-001:1785859200000,1785862800000,1,1,0.0625
MPG-001,stage3:MPG-001:1785862800000,1785866400000,2,2,0.125
MPG-001,stage3:MPG-001:1785866400000,1785870000000,1,1,0.0625
MPG-001,stage3:MPG-001:1785870000000,1785873600000,2,2,0.125
MPG-001,stage3:MPG-001:1785873600000,1785877200000,1,1,0.0625
MPG-001,stage3:MPG-001:1785877200000,1785880800000,2,2,0.125
MPG-001,stage3:MPG-001:1785880800000,1785884400000,1,1,0.0625
MPG-001,stage3:MPG-001:1785884400000,1785888000000,0,0,0.0
MPG-001,stage3:MPG-001:1785888000000,1785891600000,2,2,0.125
MPG-001,stage3:MPG-001:1785891600000,1785895200000,0,0,0.0
MPG-001,stage3:MPG-001:1785895200000,1785898800000,1,1,0.0625
MPG-001,stage3:MPG-001:1785898800000,1785902400000,0,0,0.0
MPG-001,stage3:MPG-001:1785902400000,1785906000000,1,1,0.0625
MPG-001,stage3:MPG-001:1785906000000,1785909600000,1,1,0.0625
MPG-001,stage3:MPG-001:1785909600000,1785913200000,2,2,0.125
MPG-001,stage3:MPG-001:1785913200000,1785916800000,1,1,0.0625
MPG-001,stage3:MPG-001:1785916800000,1785920400000,1,1,0.0625
MPG-001,stage3:MPG-001:1785920400000,1785924000000,1,1,0.0625
MPG-001,stage3:MPG-001:1785924000000,1785927600000,1,1,0.0625
MPG-001,stage3:MPG-001:1785927600000,1785931200000,1,1,0.0625
MPG-001,stage3:MPG-001:1785931200000,1785934800000,2,2,0.125
MPG-001,stage3:MPG-001:1785934800000,1785938400000,0,0,0.0
MPG-001,stage3:MPG-001:1785938400000,1785942000000,0,0,0.0
MPG-001,stage3:MPG-001:1785942000000,1785945600000,2,2,0.125
MPG-001,stage3:MPG-001:1785945600000,1785949200000,1,1,0.0625
MPG-001,stage3:MPG-001:1785949200000,1785952800000,1,1,0.0625
MPG-001,stage3:MPG-001:1785952800000,1785956400000,0,0,0.0
MPG-001,stage3:MPG-001:1785956400000,1785960000000,1,1,0.0625
MPG-001,stage3:MPG-001:1785960000000,1785963600000,1,1,0.0625
MPG-001,stage3:MPG-001:1785963600000,1785967200000,0,0,0.0
MPG-001,stage3:MPG-001:1785967200000,1785970800000,1,1,0.0625
MPG-001,stage3:MPG-001:1785970800000,1785974400000,0,0,0.0
MPG-001,stage3:MPG-001:1785974400000,1785978000000,1,1,0.0625
MPG-001,stage3:MPG-001:1785978000000,1785981600000,0,0,0.0
MPG-001,stage3:MPG-001:1785981600000,1785985200000,1,1,0.0625
MPG-001,stage3:MPG-001:1785985200000,1785988800000,1,1,0.0625
MPG-001,stage3:MPG-001:1785988800000,1785992400000,2,2,0.125
MPG-001,stage3:MPG-001:1785992400000,1785996000000,2,2,0.125
MPG-001,stage3:MPG-001:1785996000000,1785999600000,1,1,0.0625
MPG-001,stage3:MPG-001:1785999600000,1786003200000,1,1,0.0625
MPG-001,stage3:MPG-001:1786003200000,1786006800000,1,1,0.0625
MPG-001,stage3:MPG-001:1786006800000,1786010400000,0,0,0.0
MPG-001,stage3:MPG-001:1786010400000,1786014000000,0,0,0.0
MPG-001,stage3:MPG-001:1786014000000,1786017600000,2,2,0.125
MPG-001,stage3:MPG-001:1786017600000,1786021200000,0,0,0.0
MPG-001,stage3:MPG-001:1786021200000,1786024800000,2,2,0.125
MPG-001,stage3:MPG-001:1786024800000,1786028400000,1,1,0.0625
MPG-001,stage3:MPG-001:1786028400000,1786032000000,1,1,0.0625
MPG-001,stage3:MPG-001:1786032000000,1786035600000,0,0,0.0
MPG-001,stage3:MPG-001:1786035600000,1786039200000,1,1,0.0625
MPG-001,stage3:MPG-001:1786039200000,1786042800000,0,0,0.0
MPG-001,stage3:MPG-001:1786042800000,1786046400000,1,1,0.0625
MPG-001,stage3:MPG-001:1786046400000,1786050000000,2,2,0.125
MPG-001,stage3:MPG-001:1786050000000,1786053600000,0,0,0.0
MPG-001,stage3:MPG-001:1786053600000,1786057200000,1,1,0.0625
MPG-001,stage3:MPG-001:1786057200000,1786060800000,1,1,0.0625
MPG-001,stage3:MPG-001:1786060800000,1786064400000,2,2,0.125
MPG-001,stage3:MPG-001:1786064400000,1786068000000,1,1,0.0625
MPG-001,stage3:MPG-001:1786068000000,1786071600000,1,1,0.0625
MPG-001,stage3:MPG-001:1786071600000,1786075200000,1,1,0.0625
MPG-001,stage3:MPG-001:1786075200000,1786078800000,1,1,0.0625
MPG-001,stage3:MPG-001:1786078800000,1786082400000,1,1,0.0625
MPG-001,stage3:MPG-001:1786082400000,1786086000000,1,1,0.0625
MPG-001,stage3:MPG-001:1786086000000,1786089600000,0,0,0.0
MPG-001,stage3:MPG-001:1786089600000,1786093200000,1,1,0.0625
MPG-001,stage3:MPG-001:1786093200000,1786096800000,0,0,0.0
MPG-001,stage3:MPG-001:1786096800000,1786100400000,1,1,0.0625
MPG-001,stage3:MPG-001:1786100400000,1786104000000,1,1,0.0625
MPG-001,stage3:MPG-001:1786104000000,1786107600000,1,1,0.0625
MPG-001,stage3:MPG-001:1786107600000,1786111200000,3,3,0.1875
MPG-001,stage3:MPG-001:1786111200000,1786114800000,1,1,0.0625
MPG-001,stage3:MPG-001:1786114800000,1786118400000,2,2,0.125
MPG-001,stage3:MPG-001:1786118400000,1786122000000,1,1,0.0625
MPG-001,stage3:MPG-001:1786122000000,1786125600000,0,0,0.0
MPG-001,stage3:MPG-001:1786125600000,1786129200000,1,1,0.0625
MPG-001,stage3:MPG-001:1786129200000,1786132800000,0,0,0.0
MPG-001,stage3:MPG-001:1786132800000,1786136400000,2,2,0.125
MPG-001,stage3:MPG-001:1786136400000,1786140000000,0,0,0.0
MPG-001,stage3:MPG-001:1786140000000,1786143600000,1,1,0.0625
MPG-001,stage3:MPG-001:1786143600000,1786147200000,0,0,0.0
MPG-001,stage3:MPG-001:1786147200000,1786150800000,0,0,0.0
MPG-001,stage3:MPG-001:1786150800000,1786154400000,2,2,0.125
MPG-001,stage3:MPG-001:1786154400000,1786158000000,1,1,0.0625
MPG-001,stage3:MPG-001:1786158000000,1786161600000,1,1,0.0625
MPG-001,stage3:MPG-001:1786161600000,1786165200000,0,0,0.0
MPG-001,stage3:MPG-001:1786165200000,1786168800000,2,2,0.125
MPG-001,stage3:MPG-001:1786168800000,1786172400000,1,1,0.0625
MPG-001,stage3:MPG-001:1786172400000,1786176000000,0,0,0.0
MPG-001,stage3:MPG-001:1786176000000,1786179600000,0,0,0.0
MPG-001,stage3:MPG-001:1786179600000,1786183200000,0,0,0.0
MPG-001,stage3:MPG-001:1786183200000,1786186800000,1,1,0.0625
MPG-001,stage3:MPG-001:1786186800000,1786190400000,0,0,0.0
MPG-001,stage3:MPG-001:1786190400000,1786194000000,0,0,0.0
MPG-001,stage3:MPG-001:1786194000000,1786197600000,0,0,0.0
MPG-001,stage3:MPG-001:1786197600000,1786201200000,1,1,0.0625
MPG-001,stage3:MPG-001:1786201200000,1786204800000,1,1,0.0625
MPG-001,stage3:MPG-001:1786204800000,1786208400000,0,0,0.0
MPG-001,stage3:MPG-001:1786208400000,1786212000000,1,1,0.0625
MPG-001,stage3:MPG-001:1786212000000,1786215600000,0,0,0.0
MPG-001,stage3:MPG-001:1786215600000,1786219200000,1,1,0.0625
MPG-001,stage3:MPG-001:1786219200000,1786222800000,0,0,0.0
MPG-001,stage3:MPG-001:1786222800000,1786226400000,1,1,0.0625
MPG-001,stage3:MPG-001:1786226400000,1786230000000,1,1,0.0625
MPG-001,stage3:MPG-001:1786230000000,1786233600000,2,2,0.125
MPG-001,stage3:MPG-001:1786233600000,1786237200000,1,1,0.0625
MPG-001,stage3:MPG-001:1786237200000,1786240800000,2,2,0.125
MPG-001,stage3:MPG-001:1786240800000,1786244400000,1,1,0.0625
MPG-001,stage3:MPG-001:1786244400000,1786248000000,1,1,0.0625
MPG-001,stage3:MPG-001:1786248000000,1786251600000,1,1,0.0625
MPG-001,stage3:MPG-001:1786251600000,1786255200000,1,1,0.0625
MPG-001,stage3:MPG-001:1786255200000,1786258800000,1,1,0.0625
MPG-001,stage3:MPG-001:1786258800000,1786262400000,2,2,0.125
MPG-001,stage3:MPG-001:1786262400000,1786266000000,1,1,0.0625
MPG-001,stage3:MPG-001:1786266000000,1786269600000,1,1,0.0625
MPG-001,stage3:MPG-001:1786269600000,1786273200000,1,1,0.0625
MPG-001,stage3:MPG-001:1786273200000,1786276800000,1,1,0.0625
MPG-001,stage3:MPG-001:1786276800000,1786280400000,2,2,0.125
MPG-001,stage3:MPG-001:1786280400000,1786284000000,1,1,0.0625
MPG-001,stage3:MPG-001:1786284000000,1786287600000,0,0,0.0
MPG-001,stage3:MPG-001:1786287600000,1786291200000,2,2,0.125
MPG-001,stage3:MPG-001:1786291200000,1786294800000,1,1,0.0625
MPG-001,stage3:MPG-001:1786294800000,1786298400000,0,0,0.0
MPG-001,stage3:MPG-001:1786298400000,1786302000000,0,0,0.0
MPG-001,stage3:MPG-001:1786302000000,1786305600000,1,1,0.0625
MPG-001,stage3:MPG-001:1786305600000,1786309200000,2,2,0.125
MPG-001,stage3:MPG-001:1786309200000,1786312800000,0,0,0.0
MPG-001,stage3:MPG-001:1786312800000,1786316400000,0,0,0.0
MPG-001,stage3:MPG-001:1786316400000,1786320000000,1,1,0.0625
MPG-001,stage3:MPG-001:1786320000000,1786323600000,1,1,0.0625
MPG-001,stage3:MPG-001:1786323600000,1786327200000,0,0,0.0
MPG-001,stage3:MPG-001:1786327200000,1786330800000,1,1,0.0625
MPG-001,stage3:MPG-001:1786330800000,1786334400000,1,1,0.0625
MPG-001,stage3:MPG-001:1786334400000,1786338000000,1,1,0.0625
MPG-001,stage3:MPG-001:1786338000000,1786341600000,0,0,0.0
MPG-001,stage3:MPG-001:1786341600000,1786345200000,1,1,0.0625
MPG-001,stage3:MPG-001:1786345200000,1786348800000,1,1,0.0625
MPG-001,stage3:MPG-001:1786348800000,1786352400000,0,0,0.0
MPG-001,stage3:MPG-001:1786352400000,1786356000000,0,0,0.0
MPG-001,stage3:MPG-001:1786356000000,1786359600000,0,0,0.0
MPG-001,stage3:MPG-001:1786359600000,1786363200000,1,1,0.0625
MPG-001,stage3:MPG-001:1786363200000,1786366800000,1,1,0.0625
MPG-001,stage3:MPG-001:1786366800000,1786370400000,1,1,0.0625
MPG-001,stage3:MPG-001:1786370400000,1786374000000,0,0,0.0
MPG-001,stage3:MPG-001:1786374000000,1786377600000,1,1,0.0625
MPG-001,stage3:MPG-001:1786377600000,1786381200000,0,0,0.0
MPG-001,stage3:MPG-001:1786381200000,1786384800000,0,0,0.0
MPG-001,stage3:MPG-001:1786384800000,1786388400000,0,0,0.0
MPG-001,stage3:MPG-001:1786388400000,1786392000000,1,1,0.0625
MPG-001,stage3:MPG-001:1786392000000,1786395600000,1,1,0.0625
MPG-001,stage3:MPG-001:1786395600000,1786399200000,0,0,0.0
MPG-001,stage3:MPG-001:1786399200000,1786402800000,1,1,0.0625
MPG-001,stage3:MPG-001:1786402800000,1786406400000,0,0,0.0
MPG-001,stage3:MPG-001:1786406400000,1786410000000,1,1,0.0625
MPG-001,stage3:MPG-001:1786410000000,1786413600000,0,0,0.0
MPG-001,stage3:MPG-001:1786413600000,1786417200000,0,0,0.0
MPG-001,stage3:MPG-001:1786417200000,1786420800000,1,1,0.0625
MPG-001,stage3:MPG-001:1786420800000,1786424400000,1,1,0.0625
MPG-001,stage3:MPG-001:1786424400000,1786428000000,1,1,0.0625
MPG-001,stage3:MPG-001:1786428000000,1786431600000,2,2,0.125
MPG-001,stage3:MPG-001:1786431600000,1786435200000,1,1,0.0625
MPG-001,stage3:MPG-001:1786435200000,1786438800000,1,1,0.0625
MPG-001,stage3:MPG-001:1786438800000,1786442400000,2,2,0.125
MPG-001,stage3:MPG-001:1786442400000,1786446000000,2,2,0.125
MPG-001,stage3:MPG-001:1786446000000,1786449600000,2,2,0.125
MPG-001,stage3:MPG-001:1786449600000,1786453200000,1,1,0.0625
MPG-001,stage3:MPG-001:1786453200000,1786456800000,1,1,0.0625
MPG-001,stage3:MPG-001:1786456800000,1786460400000,0,0,0.0
MPG-001,stage3:MPG-001:1786460400000,1786464000000,1,1,0.0625
MPG-001,stage3:MPG-001:1786464000000,1786467600000,0,0,0.0
MPG-001,stage3:MPG-001:1786467600000,1786471200000,1,1,0.0625
MPG-001,stage3:MPG-001:1786471200000,1786474800000,1,1,0.0625
MPG-001,stage3:MPG-001:1786474800000,1786478400000,1,1,0.0625
MPG-001,stage3:MPG-001:1786478400000,1786482000000,0,0,0.0
MPG-001,stage3:MPG-001:1786482000000,1786485600000,1,1,0.0625
MPG-001,stage3:MPG-001:1786485600000,1786489200000,0,0,0.0
MPG-001,stage3:MPG-001:1786489200000,1786492800000,1,1,0.0625
MPG-001,stage3:MPG-001:1786492800000,1786496400000,2,2,0.125
MPG-001,stage3:MPG-001:1786496400000,1786500000000,0,0,0.0
MPG-001,stage3:MPG-001:1786500000000,1786503600000,1,1,0.0625
MPG-001,stage3:MPG-001:1786503600000,1786507200000,0,0,0.0
MPG-001,stage3:MPG-001:1786507200000,1786510800000,1,1,0.0625
MPG-001,stage3:MPG-001:1786510800000,1786514400000,2,2,0.125
MPG-001,stage3:MPG-001:1786514400000,1786518000000,1,1,0.0625
MPG-001,stage3:MPG-001:1786518000000,1786521600000,3,3,0.1875
MPG-001,stage3:MPG-001:1786521600000,1786525200000,1,1,0.0625
MPG-001,stage3:MPG-001:1786525200000,1786528800000,1,1,0.0625
MPG-001,stage3:MPG-001:1786528800000,1786532400000,0,0,0.0
MPG-001,stage3:MPG-001:1786532400000,1786536000000,2,2,0.125
MPG-001,stage3:MPG-001:1786536000000,1786539600000,2,2,0.125
MPG-001,stage3:MPG-001:1786539600000,1786543200000,1,1,0.0625
MPG-001,stage3:MPG-001:1786543200000,1786546800000,1,1,0.0625
MPG-001,stage3:MPG-001:1786546800000,1786550400000,1,1,0.0625
MPG-001,stage3:MPG-001:1786550400000,1786554000000,1,1,0.0625
MPG-001,stage3:MPG-001:1786554000000,1786557600000,2,2,0.125
MPG-001,stage3:MPG-001:1786557600000,1786561200000,1,1,0.0625
MPG-001,stage3:MPG-001:1786561200000,1786564800000,1,1,0.0625
MPG-001,stage3:MPG-001:1786564800000,1786568400000,1,1,0.0625
MPG-001,stage3:MPG-001:1786568400000,1786572000000,1,1,0.0625
MPG-001,stage3:MPG-001:1786572000000,1786575600000,1,1,0.0625
MPG-001,stage3:MPG-001:1786575600000,1786579200000,3,3,0.1875
MPG-001,stage3:MPG-001:1786579200000,1786582800000,1,1,0.0625
MPG-001,stage3:MPG-001:1786582800000,1786586400000,1,1,0.0625
MPG-001,stage3:MPG-001:1786586400000,1786590000000,0,0,0.0
MPG-001,stage3:MPG-001:1786590000000,1786593600000,0,0,0.0
MPG-001,stage3:MPG-001:1786593600000,1786597200000,1,1,0.0625
MPG-001,stage3:MPG-001:1786597200000,1786600800000,0,0,0.0
MPG-001,stage3:MPG-001:1786600800000,1786604400000,0,0,0.0
MPG-001,stage3:MPG-001:1786604400000,1786608000000,0,0,0.0
MPG-001,stage3:MPG-001:1786608000000,1786611600000,2,2,0.125
MPG-001,stage3:MPG-001:1786611600000,1786615200000,2,2,0.125
MPG-001,stage3:MPG-001:1786615200000,1786618800000,1,1,0.0625
MPG-001,stage3:MPG-001:1786618800000,1786622400000,1,1,0.0625
MPG-001,stage3:MPG-001:1786622400000,1786626000000,0,0,0.0
MPG-001,stage3:MPG-001:1786626000000,1786629600000,1,1,0.0625
MPG-001,stage3:MPG-001:1786629600000,1786633200000,0,0,0.0
MPG-001,stage3:MPG-001:1786633200000,1786636800000,1,1,0.0625
MPG-001,stage3:MPG-001:1786636800000,1786640400000,2,2,0.125
MPG-001,stage3:MPG-001:1786640400000,1786644000000,2,2,0.125
MPG-001,stage3:MPG-001:1786644000000,1786647600000,2,2,0.125
MPG-001,stage3:MPG-001:1786647600000,1786651200000,2,2,0.125
MPG-001,stage3:MPG-001:1786651200000,1786654800000,1,1,0.0625
MPG-001,stage3:MPG-001:1786654800000,1786658400000,1,1,0.0625
MPG-001,stage3:MPG-001:1786658400000,1786662000000,2,2,0.125
MPG-001,stage3:MPG-001:1786662000000,1786665600000,2,2,0.125
MPG-001,stage3:MPG-001:1786665600000,1786669200000,1,1,0.0625
MPG-001,stage3:MPG-001:1786669200000,1786672800000,1,1,0.0625
MPG-001,stage3:MPG-001:1786672800000,1786676400000,0,0,0.0
MPG-001,stage3:MPG-001:1786676400000,1786680000000,2,2,0.125
MPG-001,stage3:MPG-001:1786680000000,1786683600000,0,0,0.0
MPG-001,stage3:MPG-001:1786683600000,1786687200000,2,2,0.125
MPG-001,stage3:MPG-001:1786687200000,1786690800000,1,1,0.0625
MPG-001,stage3:MPG-001:1786690800000,1786694400000,1,1,0.0625
MPG-001,stage3:MPG-001:1786694400000,1786698000000,3,3,0.1875
MPG-001,stage3:MPG-001:1786698000000,1786701600000,1,1,0.0625
MPG-001,stage3:MPG-001:1786701600000,1786705200000,1,1,0.0625
MPG-001,stage3:MPG-001:1786705200000,1786708800000,2,2,0.125
MPG-001,stage3:MPG-001:1786708800000,1786712400000,1,1,0.0625
MPG-001,stage3:MPG-001:1786712400000,1786716000000,1,1,0.0625
MPG-001,stage3:MPG-001:1786716000000,1786719600000,2,2,0.125
MPG-001,stage3:MPG-001:1786719600000,1786723200000,1,1,0.0625
MPG-001,stage3:MPG-001:1786723200000,1786726800000,1,1,0.0625
MPG-001,stage3:MPG-001:1786726800000,1786730400000,1,1,0.0625
MPG-001,stage3:MPG-001:1786730400000,1786734000000,0,0,0.0
MPG-001,stage3:MPG-001:1786734000000,1786737600000,1,1,0.0625
MPG-001,stage3:MPG-001:1786737600000,1786741200000,1,1,0.0625
MPG-001,stage3:MPG-001:1786741200000,1786744800000,2,2,0.125
MPG-001,stage3:MPG-001:1786744800000,1786748400000,1,1,0.0625
MPG-001,stage3:MPG-001:1786748400000,1786752000000,2,2,0.125
MPG-001,stage3:MPG-001:1786752000000,1786755600000,1,1,0.0625
MPG-001,stage3:MPG-001:1786755600000,1786759200000,0,0,0.0
MPG-001,stage3:MPG-001:1786759200000,1786762800000,1,1,0.0625
MPG-001,stage3:MPG-001:1786762800000,1786766400000,2,2,0.125
MPG-001,stage3:MPG-001:1786766400000,1786770000000,1,1,0.0625
MPG-001,stage3:MPG-001:1786770000000,1786773600000,1,1,0.0625
MPG-001,stage3:MPG-001:1786773600000,1786777200000,1,1,0.0625
MPG-001,stage3:MPG-001:1786777200000,1786780800000,0,0,0.0
MPG-001,stage3:MPG-001:1786780800000,1786784400000,0,0,0.0
MPG-001,stage3:MPG-001:1786784400000,1786788000000,1,1,0.0625
MPG-001,stage3:MPG-001:1786788000000,1786791600000,1,1,0.0625
MPG-001,stage3:MPG-001:1786791600000,1786795200000,0,0,0.0
MPG-001,stage3:MPG-001:1786795200000,1786798800000,1,1,0.0625
MPG-001,stage3:MPG-001:1786798800000,1786802400000,1,1,0.0625
MPG-001,stage3:MPG-001:1786802400000,1786806000000,2,2,0.125
MPG-001,stage3:MPG-001:1786806000000,1786809600000,1,1,0.0625
MPG-001,stage3:MPG-001:1786809600000,1786813200000,1,1,0.0625
MPG-001,stage3:MPG-001:1786813200000,1786816800000,1,1,0.0625
MPG-001,stage3:MPG-001:1786816800000,1786820400000,1,1,0.0625
MPG-001,stage3:MPG-001:1786820400000,1786824000000,1,1,0.0625
MPG-001,stage3:MPG-001:1786824000000,1786827600000,0,0,0.0
MPG-001,stage3:MPG-001:1786827600000,1786831200000,1,1,0.0625
MPG-001,stage3:MPG-001:1786831200000,1786834800000,3,3,0.1875
MPG-001,stage3:MPG-001:1786834800000,1786838400000,1,1,0.0625
MPG-001,stage3:MPG-001:1786838400000,1786842000000,0,0,0.0
MPG-001,stage3:MPG-001:1786842000000,1786845600000,1,1,0.0625
MPG-001,stage3:MPG-001:1786845600000,1786849200000,0,0,0.0
MPG-001,stage3:MPG-001:1786849200000,1786852800000,1,1,0.0625
MPG-001,stage3:MPG-001:1786852800000,1786856400000,2,2,0.125
MPG-001,stage3:MPG-001:1786856400000,1786860000000,1,1,0.0625
MPG-001,stage3:MPG-001:1786860000000,1786863600000,0,0,0.0
MPG-001,stage3:MPG-001:1786863600000,1786867200000,0,0,0.0
MPG-001,stage3:MPG-001:1786867200000,1786870800000,1,1,0.0625
MPG-001,stage3:MPG-001:1786870800000,1786874400000,0,0,0.0
MPG-001,stage3:MPG-001:1786874400000,1786878000000,1,1,0.0625
MPG-001,stage3:MPG-001:1786878000000,1786881600000,1,1,0.0625
MPG-001,stage3:MPG-001:1786881600000,1786885200000,1,1,0.0625
MPG-001,stage3:MPG-001:1786885200000,1786888800000,1,1,0.0625
MPG-001,stage3:MPG-001:1786888800000,1786892400000,0,0,0.0
MPG-001,stage3:MPG-001:1786892400000,1786896000000,2,2,0.125
MPG-001,stage3:MPG-001:1786896000000,1786899600000,0,0,0.0
MPG-001,stage3:MPG-001:1786899600000,1786903200000,1,1,0.0625
MPG-001,stage3:MPG-001:1786903200000,1786906800000,1,1,0.0625
MPG-001,stage3:MPG-001:1786906800000,1786910400000,0,0,0.0
MPG-001,stage3:MPG-001:1786910400000,1786914000000,1,1,0.0625
MPG-001,stage3:MPG-001:1786914000000,1786917600000,1,1,0.0625
MPG-001,stage3:MPG-001:1786917600000,1786921200000,1,1,0.0625
MPG-001,stage3:MPG-001:1786921200000,1786924800000,1,1,0.0625
MPG-001,stage3:MPG-001:1786924800000,1786928400000,0,0,0.0
MPG-001,stage3:MPG-001:1786928400000,1786932000000,1,1,0.0625
MPG-001,stage3:MPG-001:1786932000000,1786935600000,2,2,0.125
MPG-001,stage3:MPG-001:1786935600000,1786939200000,2,2,0.125
MPG-001,stage3:MPG-001:1786939200000,1786942800000,1,1,0.0625
MPG-001,stage3:MPG-001:1786942800000,1786946400000,0,0,0.0
MPG-001,stage3:MPG-001:1786946400000,1786950000000,1,1,0.0625
MPG-001,stage3:MPG-001:1786950000000,1786953600000,1,1,0.0625
MPG-001,stage3:MPG-001:1786953600000,1786957200000,1,1,0.0625
MPG-001,stage3:MPG-001:1786957200000,1786960800000,1,1,0.0625
MPG-001,stage3:MPG-001:1786960800000,1786964400000,1,1,0.0625
MPG-001,stage3:MPG-001:1786964400000,1786968000000,1,1,0.0625
MPG-001,stage3:MPG-001:1786968000000,1786971600000,1,1,0.0625
MPG-001,stage3:MPG-001:1786971600000,1786975200000,1,1,0.0625
MPG-001,stage3:MPG-001:1786975200000,1786978800000,2,2,0.125
MPG-001,stage3:MPG-001:1786978800000,1786982400000,2,2,0.125
MPG-001,stage3:MPG-001:1786982400000,1786986000000,2,2,0.125
MPG-001,stage3:MPG-001:1786986000000,1786989600000,0,0,0.0
MPG-001,stage3:MPG-001:1786989600000,1786993200000,0,0,0.0
MPG-001,stage3:MPG-001:1786993200000,1786996800000,1,1,0.0625
MPG-001,stage3:MPG-001:1786996800000,1787000400000,1,1,0.0625
MPG-001,stage3:MPG-001:1787000400000,1787004000000,1,1,0.0625
MPG-001,stage3:MPG-001:1787004000000,1787007600000,1,1,0.0625
MPG-001,stage3:MPG-001:1787007600000,1787011200000,1,1,0.0625
MPG-001,stage3:MPG-001:1787011200000,1787014800000,2,2,0.125
MPG-001,stage3:MPG-001:1787014800000,1787018400000,1,1,0.0625
MPG-001,stage3:MPG-001:1787018400000,1787022000000,1,1,0.0625
MPG-001,stage3:MPG-001:1787022000000,1787025600000,0,0,0.0
MPG-001,stage3:MPG-001:1787025600000,1787029200000,0,0,0.0
MPG-001,stage3:MPG-001:1787029200000,1787032800000,0,0,0.0
MPG-001,stage3:MPG-001:1787032800000,1787036400000,0,0,0.0
MPG-001,stage3:MPG-001:1787036400000,1787040000000,1,1,0.0625
MPG-001,stage3:MPG-001:1787040000000,1787043600000,0,0,0.0
MPG-001,stage3:MPG-001:1787043600000,1787047200000,1,1,0.0625
MPG-001,stage3:MPG-001:1787047200000,1787050800000,1,1,0.0625
MPG-001,stage3:MPG-001:1787050800000,1787054400000,2,2,0.125
MPG-001,stage3:MPG-001:1787054400000,1787058000000,1,1,0.0625
MPG-001,stage3:MPG-001:1787058000000,1787061600000,1,1,0.0625
MPG-001,stage3:MPG-001:1787061600000,1787065200000,1,1,0.0625
MPG-001,stage3:MPG-001:1787065200000,1787068800000,0,0,0.0
MPG-001,stage3:MPG-001:1787068800000,1787072400000,3,3,0.1875
MPG-001,stage3:MPG-001:1787072400000,1787076000000,0,0,0.0
MPG-001,stage3:MPG-001:1787076000000,1787079600000,1,1,0.0625
MPG-001,stage3:MPG-001:1787079600000,1787083200000,1,1,0.0625
MPG-001,stage3:MPG-001:1787083200000,1787086800000,0,0,0.0
MPG-001,stage3:MPG-001:1787086800000,1787090400000,0,0,0.0
MPG-001,stage3:MPG-001:1787090400000,1787094000000,1,1,0.0625
MPG-001,stage3:MPG-001:1787094000000,1787097600000,0,0,0.0
MPG-001,stage3:MPG-001:1787097600000,1787101200000,2,2,0.125
MPG-001,stage3:MPG-001:1787101200000,1787104800000,1,1,0.0625
MPG-001,stage3:MPG-001:1787104800000,1787108400000,1,1,0.0625
MPG-001,stage3:MPG-001:1787108400000,1787112000000,1,1,0.0625
MPG-001,stage3:MPG-001:1787112000000,1787115600000,1,1,0.0625
MPG-001,stage3:MPG-001:1787115600000,1787119200000,0,0,0.0
MPG-001,stage3:MPG-001:1787119200000,1787122800000,1,1,0.0625
MPG-001,stage3:MPG-001:1787122800000,1787126400000,0,0,0.0
MPG-001,stage3:MPG-001:1787126400000,1787130000000,0,0,0.0
MPG-001,stage3:MPG-001:1787130000000,1787133600000,0,0,0.0
MPG-001,stage3:MPG-001:1787133600000,1787137200000,1,1,0.0625
MPG-001,stage3:MPG-001:1787137200000,1787140800000,1,1,0.0625
MPG-001,stage3:MPG-001:1787140800000,1787144400000,0,0,0.0
MPG-001,stage3:MPG-001:1787144400000,1787148000000,1,1,0.0625
MPG-001,stage3:MPG-001:1787148000000,1787151600000,2,2,0.125
MPG-001,stage3:MPG-001:1787151600000,1787155200000,2,2,0.125
MPG-001,stage3:MPG-001:1787155200000,1787158800000,1,1,0.0625
MPG-001,stage3:MPG-001:1787158800000,1787162400000,1,1,0.0625
MPG-001,stage3:MPG-001:1787162400000,1787166000000,0,0,0.0
MPG-001,stage3:MPG-001:1787166000000,1787169600000,1,1,0.0625
MPG-001,stage3:MPG-001:1787169600000,1787173200000,1,1,0.0625
MPG-001,stage3:MPG-001:1787173200000,1787176800000,1,1,0.0625
MPG-001,stage3:MPG-001:1787176800000,1787180400000,1,1,0.0625
MPG-001,stage3:MPG-001:1787180400000,1787184000000,1,1,0.0625
MPG-001,stage3:MPG-001:1787184000000,1787187600000,0,0,0.0
MPG-001,stage3:MPG-001:1787187600000,1787191200000,1,1,0.0625
MPG-001,stage3:MPG-001:1787191200000,1787194800000,0,0,0.0
MPG-001,stage3:MPG-001:1787194800000,1787198400000,0,0,0.0
MPG-001,stage3:MPG-001:1787198400000,1787202000000,0,0,0.0
MPG-001,stage3:MPG-001:1787202000000,1787205600000,1,1,0.0625
MPG-001,stage3:MPG-001:1787205600000,1787209200000,3,3,0.1875
MPG-001,stage3:MPG-001:1787209200000,1787212800000,1,1,0.0625
MPG-001,stage3:MPG-001:1787212800000,1787216400000,1,1,0.0625
MPG-001,stage3:MPG-001:1787216400000,1787220000000,0,0,0.0
MPG-001,stage3:MPG-001:1787220000000,1787223600000,2,2,0.125
MPG-001,stage3:MPG-001:1787223600000,1787227200000,2,2,0.125
MPG-001,stage3:MPG-001:1787227200000,1787230800000,2,2,0.125
MPG-001,stage3:MPG-001:1787230800000,1787234400000,2,2,0.125
MPG-001,stage3:MPG-001:1787234400000,1787238000000,1,1,0.0625
MPG-001,stage3:MPG-001:1787238000000,1787241600000,0,0,0.0
MPG-001,stage3:MPG-001:1787241600000,1787245200000,1,1,0.0625
MPG-001,stage3:MPG-001:1787245200000,1787248800000,2,2,0.125
MPG-001,stage3:MPG-001:1787248800000,1787252400000,1,1,0.0625
MPG-001,stage3:MPG-001:1787252400000,1787256000000,0,0,0.0
MPG-001,stage3:MPG-001:1787256000000,1787259600000,0,0,0.0
MPG-001,stage3:MPG-001:1787259600000,1787263200000,1,1,0.0625
MPG-001,stage3:MPG-001:1787263200000,1787266800000,0,0,0.0
MPG-001,stage3:MPG-001:1787266800000,1787270400000,1,1,0.0625
MPG-001,stage3:MPG-001:1787270400000,1787274000000,1,1,0.0625
MPG-001,stage3:MPG-001:1787274000000,1787277600000,0,0,0.0
MPG-001,stage3:MPG-001:1787277600000,1787281200000,1,1,0.0625
MPG-001,stage3:MPG-001:1787281200000,1787284800000,0,0,0.0
MPG-001,stage3:MPG-001:1787284800000,1787288400000,0,0,0.0
MPG-001,stage3:MPG-001:1787288400000,1787292000000,1,1,0.0625
MPG-001,stage3:MPG-001:1787292000000,1787295600000,1,1,0.0625
MPG-001,stage3:MPG-001:1787295600000,1787299200000,0,0,0.0
MPG-001,stage3:MPG-001:1787299200000,1787302800000,2,2,0.125
MPG-001,stage3:MPG-001:1787302800000,1787306400000,0,0,0.0
MPG-001,stage3:MPG-001:1787306400000,1787310000000,1,1,0.0625
MPG-001,stage3:MPG-001:1787310000000,1787313600000,1,1,0.0625
MPG-001,stage3:MPG-001:1787313600000,1787317200000,1,1,0.0625
MPG-001,stage3:MPG-001:1787317200000,1787320800000,2,2,0.125
MPG-001,stage3:MPG-001:1787320800000,1787324400000,1,1,0.0625
MPG-001,stage3:MPG-001:1787324400000,1787328000000,1,1,0.0625
MPG-001,stage3:MPG-001:1787328000000,1787331600000,0,0,0.0
MPG-001,stage3:MPG-001:1787331600000,1787335200000,0,0,0.0
MPG-001,stage3:MPG-001:1787335200000,1787338800000,1,1,0.0625
MPG-001,stage3:MPG-001:1787338800000,1787342400000,1,1,0.0625
MPG-001,stage3:MPG-001:1787342400000,1787346000000,0,0,0.0
MPG-001,stage3:MPG-001:1787346000000,1787349600000,0,0,0.0
MPG-001,stage3:MPG-001:1787349600000,1787353200000,1,1,0.0625
MPG-001,stage3:MPG-001:1787353200000,1787356800000,0,0,0.0
MPG-001,stage3:MPG-001:1787356800000,1787360400000,1,1,0.0625
MPG-001,stage3:MPG-001:1787360400000,1787364000000,1,1,0.0625
MPG-001,stage3:MPG-001:1787364000000,1787367600000,2,2,0.125
MPG-001,stage3:MPG-001:1787367600000,1787371200000,2,2,0.125
MPG-001,stage3:MPG-001:1787371200000,1787374800000,1,1,0.0625
MPG-001,stage3:MPG-001:1787374800000,1787378400000,1,1,0.0625
MPG-001,stage3:MPG-001:1787378400000,1787382000000,1,1,0.0625
MPG-001,stage3:MPG-001:1787382000000,1787385600000,1,1,0.0625
MPG-001,stage3:MPG-001:1787385600000,1787389200000,2,2,0.125
MPG-001,stage3:MPG-001:1787389200000,1787392800000,2,2,0.125
MPG-001,stage3:MPG-001:1787392800000,1787396400000,1,1,0.0625
MPG-001,stage3:MPG-001:1787396400000,1787400000000,1,1,0.0625
MPG-001,stage3:MPG-001:1787400000000,1787403600000,1,1,0.0625
MPG-001,stage3:MPG-001:1787403600000,1787407200000,2,2,0.125
MPG-001,stage3:MPG-001:1787407200000,1787410800000,2,2,0.125
MPG-001,stage3:MPG-001:1787410800000,1787414400000,0,0,0.0
MPG-001,stage3:MPG-001:1787414400000,1787418000000,1,1,0.0625
MPG-001,stage3:MPG-001:1787418000000,1787421600000,3,3,0.1875
MPG-001,stage3:MPG-001:1787421600000,1787425200000,2,2,0.125
MPG-001,stage3:MPG-001:1787425200000,1787428800000,2,2,0.125
MPG-001,stage3:MPG-001:1787428800000,1787432400000,1,1,0.0625
MPG-001,stage3:MPG-001:1787432400000,1787436000000,0,0,0.0
MPG-001,stage3:MPG-001:1787436000000,1787439600000,2,2,0.125
MPG-001,stage3:MPG-001:1787439600000,1787443200000,1,1,0.0625
MPG-001,stage3:MPG-001:1787443200000,1787446800000,2,2,0.125
MPG-001,stage3:MPG-001:1787446800000,1787450400000,1,1,0.0625
MPG-001,stage3:MPG-001:1787450400000,1787454000000,0,0,0.0
MPG-001,stage3:MPG-001:1787454000000,1787457600000,1,1,0.0625
MPG-001,stage3:MPG-001:1787457600000,1787461200000,0,0,0.0
MPG-001,stage3:MPG-001:1787461200000,1787464800000,1,1,0.0625
MPG-001,stage3:MPG-001:1787464800000,1787468400000,2,2,0.125
MPG-001,stage3:MPG-001:1787468400000,1787472000000,1,1,0.0625
MPG-001,stage3:MPG-001:1787472000000,1787475600000,1,1,0.0625
MPG-001,stage3:MPG-001:1787475600000,1787479200000,1,1,0.0625
MPG-001,stage3:MPG-001:1787479200000,1787482800000,2,2,0.125
MPG-001,stage3:MPG-001:1787482800000,1787486400000,1,1,0.0625
MPG-001,stage3:MPG-001:1787486400000,1787490000000,1,1,0.0625
MPG-001,stage3:MPG-001:1787490000000,1787493600000,0,0,0.0
MPG-001,stage3:MPG-001:1787493600000,1787497200000,2,2,0.125
MPG-001,stage3:MPG-001:1787497200000,1787500800000,2,2,0.125
MPG-001,stage3:MPG-001:1787500800000,1787504400000,0,0,0.0
MPG-001,stage3:MPG-001:1787504400000,1787508000000,1,1,0.0625
MPG-001,stage3:MPG-001:1787508000000,1787511600000,0,0,0.0
MPG-001,stage3:MPG-001:1787511600000,1787515200000,1,1,0.0625
MPG-001,stage3:MPG-001:1787515200000,1787518800000,0,0,0.0
MPG-001,stage3:MPG-001:1787518800000,1787522400000,0,0,0.0
MPG-001,stage3:MPG-001:1787522400000,1787526000000,1,1,0.0625
MPG-001,stage3:MPG-001:1787526000000,1787529600000,1,1,0.0625
MPG-001,stage3:MPG-001:1787529600000,1787533200000,1,1,0.0625
MPG-001,stage3:MPG-001:1787533200000,1787536800000,1,1,0.0625
MPG-001,stage3:MPG-001:1787536800000,1787540400000,2,2,0.125
MPG-001,stage3:MPG-001:1787540400000,1787544000000,1,1,0.0625
MPG-001,stage3:MPG-001:1787544000000,1787547600000,0,0,0.0
MPG-001,stage3:MPG-001:1787547600000,1787551200000,2,2,0.125
MPG-001,stage3:MPG-001:1787551200000,1787554800000,1,1,0.0625
MPG-001,stage3:MPG-001:1787554800000,1787558400000,0,0,0.0
MPG-001,stage3:MPG-001:1787558400000,1787562000000,1,1,0.0625
MPG-001,stage3:MPG-001:1787562000000,1787565600000,0,0,0.0
MPG-001,stage3:MPG-001:1787565600000,1787569200000,1,1,0.0625
MPG-001,stage3:MPG-001:1787569200000,1787572800000,0,0,0.0
MPG-001,stage3:MPG-001:1787572800000,1787576400000,1,1,0.0625
MPG-001,stage3:MPG-001:1787576400000,1787580000000,0,0,0.0
MPG-001,stage3:MPG-001:1787580000000,1787583600000,1,1,0.0625
MPG-001,stage3:MPG-001:1787583600000,1787587200000,1,1,0.0625
MPG-001,stage3:MPG-001:1787587200000,1787590800000,1,1,0.0625
MPG-001,stage3:MPG-001:1787590800000,1787594400000,0,0,0.0
MPG-001,stage3:MPG-001:1787594400000,1787598000000,1,1,0.0625
MPG-001,stage3:MPG-001:1787598000000,1787601600000,0,0,0.0
MPG-001,stage3:MPG-001:1787601600000,1787605200000,1,1,0.0625
MPG-001,stage3:MPG-001:1787605200000,1787608800000,0,0,0.0
MPG-001,stage3:MPG-001:1787608800000,1787612400000,2,2,0.125
MPG-001,stage3:MPG-001:1787612400000,1787616000000,2,2,0.125
MPG-001,stage3:MPG-001:1787616000000,1787619600000,1,1,0.0625
MPG-001,stage3:MPG-001:1787619600000,1787623200000,1,1,0.0625
MPG-001,stage3:MPG-001:1787623200000,1787626800000,2,2,0.125
MPG-001,stage3:MPG-001:1787626800000,1787630400000,0,0,0.0
MPG-001,stage3:MPG-001:1787630400000,1787634000000,1,1,0.0625
MPG-001,stage3:MPG-001:1787634000000,1787637600000,1,1,0.0625
MPG-001,stage3:MPG-001:1787637600000,1787641200000,2,2,0.125
MPG-001,stage3:MPG-001:1787641200000,1787644800000,0,0,0.0
MPG-001,stage3:MPG-001:1787644800000,1787648400000,1,1,0.0625
MPG-001,stage3:MPG-001:1787648400000,1787652000000,1,1,0.0625
MPG-001,stage3:MPG-001:1787652000000,1787655600000,0,0,0.0
MPG-001,stage3:MPG-001:1787655600000,1787659200000,2,2,0.125
MPG-001,stage3:MPG-001:1787659200000,1787662800000,1,1,0.0625
MPG-001,stage3:MPG-001:1787662800000,1787666400000,0,0,0.0
MPG-001,stage3:MPG-001:1787666400000,1787670000000,0,0,0.0
MPG-001,stage3:MPG-001:1787670000000,1787673600000,0,0,0.0
MPG-001,stage3:MPG-001:1787673600000,1787677200000,1,1,0.0625
MPG-001,stage3:MPG-001:1787677200000,1787680800000,0,0,0.0
MPG-001,stage3:MPG-001:1787680800000,1787684400000,0,0,0.0
MPG-001,stage3:MPG-001:1787684400000,1787688000000,2,2,0.125
MPG-001,stage3:MPG-001:1787688000000,1787691600000,1,1,0.0625
MPG-001,stage3:MPG-001:1787691600000,1787695200000,0,0,0.0
MPG-001,stage3:MPG-001:1787695200000,1787698800000,1,1,0.0625
MPG-001,stage3:MPG-001:1787698800000,1787702400000,1,1,0.0625
MPG-001,stage3:MPG-001:1787702400000,1787706000000,1,1,0.0625
MPG-001,stage3:MPG-001:1787706000000,1787709600000,1,1,0.0625
MPG-001,stage3:MPG-001:1787709600000,1787713200000,2,2,0.125
MPG-001,stage3:MPG-001:1787713200000,1787716800000,0,0,0.0
MPG-001,stage3:MPG-001:1787716800000,1787720400000,1,1,0.0625
MPG-001,stage3:MPG-001:1787720400000,1787724000000,1,1,0.0625
MPG-001,stage3:MPG-001:1787724000000,1787727600000,1,1,0.0625
MPG-001,stage3:MPG-001:1787727600000,1787731200000,1,1,0.0625
MPG-001,stage3:MPG-001:1787731200000,1787734800000,1,1,0.0625
MPG-001,stage3:MPG-001:1787734800000,1787738400000,1,1,0.0625
MPG-001,stage3:MPG-001:1787738400000,1787742000000,1,1,0.0625
MPG-001,stage3:MPG-001:1787742000000,1787745600000,2,2,0.125
MPG-001,stage3:MPG-001:1787745600000,1787749200000,1,1,0.0625
MPG-001,stage3:MPG-001:1787749200000,1787752800000,2,2,0.125
MPG-001,stage3:MPG-001:1787752800000,1787756400000,2,2,0.125
MPG-001,stage3:MPG-001:1787756400000,1787760000000,0,0,0.0
MPG-001,stage3:MPG-001:1787760000000,1787763600000,0,0,0.0
MPG-001,stage3:MPG-001:1787763600000,1787767200000,0,0,0.0
MPG-001,stage3:MPG-001:1787767200000,1787770800000,0,0,0.0
MPG-001,stage3:MPG-001:1787770800000,1787774400000,1,1,0.0625
MPG-001,stage3:MPG-001:1787774400000,1787778000000,1,1,0.0625
MPG-001,stage3:MPG-001:1787778000000,1787781600000,0,0,0.0
MPG-001,stage3:MPG-001:1787781600000,1787785200000,1,1,0.0625
MPG-001,stage3:MPG-001:1787785200000,1787788800000,1,1,0.0625
MPG-001,stage3:MPG-001:1787788800000,1787792400000,2,2,0.125
MPG-001,stage3:MPG-001:1787792400000,1787796000000,1,1,0.0625
MPG-001,stage3:MPG-001:1787796000000,1787799600000,1,1,0.0625
MPG-001,stage3:MPG-001:1787799600000,1787803200000,3,3,0.1875
MPG-001,stage3:MPG-001:1787803200000,1787806800000,2,2,0.125
MPG-001,stage3:MPG-001:1787806800000,1787810400000,1,1,0.0625
MPG-001,stage3:MPG-001:1787810400000,1787814000000,1,1,0.0625
MPG-001,stage3:MPG-001:1787814000000,1787817600000,0,0,0.0
MPG-001,stage3:MPG-001:1787817600000,1787821200000,2,2,0.125
MPG-001,stage3:MPG-001:1787821200000,1787824800000,1,1,0.0625
MPG-001,stage3:MPG-001:1787824800000,1787828400000,1,1,0.0625
MPG-001,stage3:MPG-001:1787828400000,1787832000000,1,1,0.0625
MPG-001,stage3:MPG-001:1787832000000,1787835600000,1,1,0.0625
MPG-001,stage3:MPG-001:1787835600000,1787839200000,2,2,0.125
MPG-001,stage3:MPG-001:1787839200000,1787842800000,1,1,0.0625
MPG-001,stage3:MPG-001:1787842800000,1787846400000,1,1,0.0625
MPG-001,stage3:MPG-001:1787846400000,1787850000000,1,1,0.0625
MPG-001,stage3:MPG-001:1787850000000,1787853600000,0,0,0.0
MPG-001,stage3:MPG-001:1787853600000,1787857200000,1,1,0.0625
MPG-001,stage3:MPG-001:1787857200000,1787860800000,0,0,0.0
MPG-001,stage3:MPG-001:1787860800000,1787864400000,1,1,0.0625
MPG-001,stage3:MPG-001:1787864400000,1787868000000,1,1,0.0625
MPG-001,stage3:MPG-001:1787868000000,1787871600000,1,1,0.0625
MPG-001,stage3:MPG-001:1787871600000,1787875200000,1,1,0.0625
MPG-001,stage3:MPG-001:1787875200000,1787878800000,1,1,0.0625
MPG-001,stage3:MPG-001:1787878800000,1787882400000,1,1,0.0625
MPG-001,stage3:MPG-001:1787882400000,1787886000000,1,1,0.0625
MPG-001,stage3:MPG-001:1787886000000,1787889600000,1,1,0.0625
MPG-001,stage3:MPG-001:1787889600000,1787893200000,1,1,0.0625
MPG-001,stage3:MPG-001:1787893200000,1787896800000,1,1,0.0625
MPG-001,stage3:MPG-001:1787896800000,1787900400000,1,1,0.0625
MPG-001,stage3:MPG-001:1787900400000,1787904000000,1,1,0.0625
MPG-001,stage3:MPG-001:1787904000000,1787907600000,1,1,0.0625
MPG-001,stage3:MPG-001:1787907600000,1787911200000,0,0,0.0
MPG-001,stage3:MPG-001:1787911200000,1787914800000,0,0,0.0
MPG-001,stage3:MPG-001:1787914800000,1787918400000,1,1,0.0625
MPG-001,stage3:MPG-001:1787918400000,1787922000000,1,1,0.0625
MPG-001,stage3:MPG-001:1787922000000,1787925600000,2,2,0.125
MPG-001,stage3:MPG-001:1787925600000,1787929200000,1,1,0.0625
MPG-001,stage3:MPG-001:1787929200000,1787932800000,0,0,0.0
MPG-001,stage3:MPG-001:1787932800000,1787936400000,1,1,0.0625
MPG-001,stage3:MPG-001:1787936400000,1787940000000,1,1,0.0625
MPG-001,stage3:MPG-001:1787940000000,1787943600000,0,0,0.0
MPG-001,stage3:MPG-001:1787943600000,1787947200000,2,2,0.125
MPG-001,stage3:MPG-001:1787947200000,1787950800000,3,3,0.1875
MPG-001,stage3:MPG-001:1787950800000,1787954400000,2,2,0.125
MPG-001,stage3:MPG-001:1787954400000,1787958000000,1,1,0.0625
MPG-001,stage3:MPG-001:1787958000000,1787961600000,0,0,0.0
MPG-001,stage3:MPG-001:1787961600000,1787965200000,1,1,0.0625
MPG-001,stage3:MPG-001:1787965200000,1787968800000,0,0,0.0
MPG-001,stage3:MPG-001:1787968800000,1787972400000,2,2,0.125
MPG-001,stage3:MPG-001:1787972400000,1787976000000,1,1,0.0625
MPG-001,stage3:MPG-001:1787976000000,1787979600000,1,1,0.0625
MPG-001,stage3:MPG-001:1787979600000,1787983200000,1,1,0.0625
MPG-001,stage3:MPG-001:1787983200000,1787986800000,0,0,0.0
MPG-001,stage3:MPG-001:1787986800000,1787990400000,0,0,0.0
MPG-001,stage3:MPG-001:1787990400000,1787994000000,1,1,0.0625
MPG-001,stage3:MPG-001:1787994000000,1787997600000,2,2,0.125
MPG-001,stage3:MPG-001:1787997600000,1788001200000,1,1,0.0625
MPG-001,stage3:MPG-001:1788001200000,1788004800000,0,0,0.0
MPG-001,stage3:MPG-001:1788004800000,1788008400000,1,1,0.0625
MPG-001,stage3:MPG-001:1788008400000,1788012000000,1,1,0.0625
MPG-001,stage3:MPG-001:1788012000000,1788015600000,1,1,0.0625
MPG-001,stage3:MPG-001:1788015600000,1788019200000,2,2,0.125
MPG-001,stage3:MPG-001:1788019200000,1788022800000,1,1,0.0625
MPG-001,stage3:MPG-001:1788022800000,1788026400000,2,2,0.125
MPG-001,stage3:MPG-001:1788026400000,1788030000000,2,2,0.125
MPG-001,stage3:MPG-001:1788030000000,1788033600000,1,1,0.0625
MPG-001,stage3:MPG-001:1788033600000,1788037200000,2,2,0.125
MPG-001,stage3:MPG-001:1788037200000,1788040800000,1,1,0.0625
MPG-001,stage3:MPG-001:1788040800000,1788044400000,1,1,0.0625
MPG-001,stage3:MPG-001:1788044400000,1788048000000,2,2,0.125
MPG-001,stage3:MPG-001:1788048000000,1788051600000,1,1,0.0625
MPG-001,stage3:MPG-001:1788051600000,1788055200000,0,0,0.0
MPG-001,stage3:MPG-001:1788055200000,1788058800000,0,0,0.0
MPG-001,stage3:MPG-001:1788058800000,1788062400000,1,1,0.0625
MPG-001,stage3:MPG-001:1788062400000,1788066000000,2,2,0.125
MPG-001,stage3:MPG-001:1788066000000,1788069600000,0,0,0.0
MPG-001,stage3:MPG-001:1788069600000,1788073200000,2,2,0.125
MPG-001,stage3:MPG-001:1788073200000,1788076800000,1,1,0.0625
MPG-001,stage3:MPG-001:1788076800000,1788080400000,1,1,0.0625
MPG-001,stage3:MPG-001:1788080400000,1788084000000,0,0,0.0
MPG-001,stage3:MPG-001:1788084000000,1788087600000,1,1,0.0625
MPG-001,stage3:MPG-001:1788087600000,1788091200000,1,1,0.0625
MPG-001,stage3:MPG-001:1788091200000,1788094800000,2,2,0.125
MPG-001,stage3:MPG-001:1788094800000,1788098400000,1,1,0.0625
MPG-001,stage3:MPG-001:1788098400000,1788102000000,1,1,0.0625
MPG-001,stage3:MPG-001:1788102000000,1788105600000,0,0,0.0
MPG-001,stage3:MPG-001:1788105600000,1788109200000,1,1,0.0625
MPG-001,stage3:MPG-001:1788109200000,1788112800000,2,2,0.125
MPG-001,stage3:MPG-001:1788112800000,1788116400000,1,1,0.0625
MPG-001,stage3:MPG-001:1788116400000,1788120000000,1,1,0.0625
MPG-001,stage3:MPG-001:1788120000000,1788123600000,1,1,0.0625
MPG-001,stage3:MPG-001:1788123600000,1788127200000,1,1,0.0625
MPG-001,stage3:MPG-001:1788127200000,1788130800000,1,1,0.0625
